Blockchain,Date,DEX,Swaps,Swappers,Volume,AmountAverage,AmountMedian
Algorand,11-12-22,Algofi,536,54,28533.34565,48.77494983,4.333335864
Algorand,11-12-22,FXDX,8,6,1366.991586,170.8739483,45.93869465
Algorand,11-12-22,Humble,80,32,18008.75045,225.1093806,48.05542566
Algorand,11-12-22,Pact,2144,67,71790.85387,32.70653935,0.01125819
Algorand,11-12-22,Tinyman,6695,918,191079.8268,28.54067615,1.818556942
Algorand,11-12-22,WAGMI,26,1,8.832180445,0.339699248,0.198790046
Arbitrum,11-12-22,1inch Network,2702,1022,3047100.163,1127.720268,15.2281788
Arbitrum,11-12-22,Camelot,339,195,228022.9746,672.6341432,10.08017994
Arbitrum,11-12-22,Fraxswap,56,23,11999.0651,214.2690196,2.528874008
Arbitrum,11-12-22,GMX,1264,960,301193.0201,238.2856172,8.694043929
Arbitrum,11-12-22,Others,5948,1645,6506689.79,1093.929016,65.73058264
Arbitrum,11-12-22,Rage Trade,42,41,1077.109764,25.64547058,8.088216028
Arbitrum,11-12-22,Sumswap,53,13,8643.438067,163.0837371,178.6745507
Arbitrum,11-12-22,SushiSwap,21844,9307,9276892.187,424.6883441,2.126707484
Arbitrum,11-12-22,Uniswap,19514,6996,11549463.86,591.8552761,0.054601767
Avalanche,11-12-22,1inch Network,824,263,1021283.967,1239.422289,160.4847125
Avalanche,11-12-22,Alpha Nodes,24,16,801296.9252,33387.37188,56728.82215
Avalanche,11-12-22,Beefy Finance,33,24,3922.293336,118.8573738,19.62781728
Avalanche,11-12-22,Chainlink,1,1,49.3086754,49.3086754,49.3086754
Avalanche,11-12-22,Cycle Finance,1,1,5.363181619,5.363181619,5.363181619
Avalanche,11-12-22,GMX,32,27,26021.50378,813.171993,51.72900187
Avalanche,11-12-22,Grape Finance,4,3,63.98027088,15.99506772,14.45139023
Avalanche,11-12-22,Hakuswap,9,9,93.42976735,10.38108526,7.210238494
Avalanche,11-12-22,Hermes Finance,1,1,1.046801813,1.046801813,1.046801813
Avalanche,11-12-22,Icecream Finance,1,1,52.12134541,52.12134541,52.12134541
Avalanche,11-12-22,Ihelp Protocol,1,1,2.36541E-05,2.36541E-05,2.36541E-05
Avalanche,11-12-22,Lydia Finance,29,5,331.6893996,11.4375655,6.206106721
Avalanche,11-12-22,Others,1727,492,700274.8485,405.4863049,120.3826089
Avalanche,11-12-22,Pangolin,993,292,207093.098,208.5529688,38.27743145
Avalanche,11-12-22,SushiSwap,6424,2319,1522888.003,237.0622669,69.47331696
Avalanche,11-12-22,Trader Joe,5134,2208,907431.438,176.7494036,28.09033311
Avalanche,11-12-22,YakSwap,111,62,106335.5264,957.977715,252.3293488
Avalanche,11-12-22,Yetiswap,47,4,321.5982271,6.842515471,4.578556609
Avalanche,11-12-22,Yieldwolf,2,2,1.161248852,0.580624426,0.580624426
BSC,11-12-22,Biswap,2626,1187,1447770.629,551.321641,59.95469867
BSC,11-12-22,Brewlabs,2,2,0.045630132,0.022815066,0.022815066
BSC,11-12-22,Bridge$,1,1,1.89141608,1.89141608,1.89141608
BSC,11-12-22,Cake Monster,4,4,24.71603666,6.179009165,6.681720517
BSC,11-12-22,Catcoin,4,3,5.87875102,1.469687755,1.241581398
BSC,11-12-22,Defi Degen Land,1,1,0.583608724,0.583608724,0.583608724
BSC,11-12-22,Doge Floki,4,3,26.33025182,6.582562956,6.582152159
BSC,11-12-22,Dogefood,1,1,0.458031336,0.458031336,0.458031336
BSC,11-12-22,Dogeking,1,1,10.69974226,10.69974226,10.69974226
BSC,11-12-22,Ethernal Finance,1,1,203.0303321,203.0303321,203.0303321
BSC,11-12-22,Evereth,1,1,19.49762307,19.49762307,19.49762307
BSC,11-12-22,Evergrow,1,1,35.27511879,35.27511879,35.27511879
BSC,11-12-22,FatSwap,516,313,54573.03976,105.761705,16.16636777
BSC,11-12-22,Footballstars,1,1,0.144874431,0.144874431,0.144874431
BSC,11-12-22,Futura Finance,3,2,10.50730721,3.502435738,4.302697229
BSC,11-12-22,Genshin Floki,1,1,67.35191748,67.35191748,67.35191748
BSC,11-12-22,Hamster,10,10,19.21821645,1.921821645,1.11920472
BSC,11-12-22,Hodl,8,8,28.72062419,3.590078024,2.910304783
BSC,11-12-22,Kaiken Shiba,1,1,0.001931092,0.001931092,0.001931092
BSC,11-12-22,Libero,1,1,59.87764453,59.87764453,59.87764453
BSC,11-12-22,Loop Network,2,1,48.73444687,24.36722344,24.36722344
BSC,11-12-22,Luckyblock,9,9,42.91257667,4.768064074,2.102990676
BSC,11-12-22,MDEX,3,2,151.0204935,50.3401645,28.94770931
BSC,11-12-22,Metallurgy,2,1,1.396205154,0.698102577,0.698102577
BSC,11-12-22,Metapets,2,2,0.035368785,0.017684393,0.017684393
BSC,11-12-22,Micropets,2,2,15.92242246,7.961211229,7.961211229
BSC,11-12-22,Nomiswap,1018,576,1167263.203,1146.623972,99.76364621
BSC,11-12-22,Orion,4517,24,3992646.295,883.9154958,288.64223
BSC,11-12-22,Others,38997,16456,12150365.35,311.5717965,23.88293035
BSC,11-12-22,PancakeSwap,29947,9719,16042936.37,535.7109683,130.0616439
BSC,11-12-22,Phoenixco,6,4,0.756739555,0.126123259,0.126594055
BSC,11-12-22,Pumpeth,1,1,0.00061555,0.00061555,0.00061555
BSC,11-12-22,Rmog,1,1,0.024686006,0.024686006,0.024686006
BSC,11-12-22,Rougecoin,1,1,8.15301E-06,8.15301E-06,8.15301E-06
BSC,11-12-22,Safeicarus,2,1,90.23434533,45.11717267,45.11717267
BSC,11-12-22,Safemoon,7,7,644.2597622,92.03710889,92.052882
BSC,11-12-22,Safuu,37,29,5544.38608,149.8482724,34.5404009
BSC,11-12-22,Sanji Inu,2,2,0.364429348,0.182214674,0.182214674
BSC,11-12-22,Scrooge Coin,1,1,24.77414821,24.77414821,24.77414821
BSC,11-12-22,Shib Ninja Token,1,1,2.257356263,2.257356263,2.257356263
BSC,11-12-22,Steam Exchange,2,2,15.28989394,7.644946968,7.644946968
BSC,11-12-22,SushiSwap,294644,118783,59338566.83,201.3907184,29.64952298
BSC,11-12-22,Token Bank Exchange,1,1,3.985457161,3.985457161,3.985457161
BSC,11-12-22,Transhuman Coin,1,1,0.500730058,0.500730058,0.500730058
BSC,11-12-22,Volt Inu,1,1,8.34233E-05,8.34233E-05,8.34233E-05
BSC,11-12-22,W3Swap,399,247,583085.7874,1461.367888,249.9733391
BSC,11-12-22,Walk With Step,1,1,156.2646619,156.2646619,156.2646619
BSC,11-12-22,Y-5 Finance,3,3,1.641536833,0.547178944,0.547178936
BSC,11-12-22,Zombie Inu,2,2,31.56330557,15.78165278,15.78165278
BSC,11-12-22,Zooswap,1201,575,158057.8758,131.6052255,60.22500644
Ethereum,11-12-22,Balancer,587,306,42454027.92,55495.46133,1413.94
Ethereum,11-12-22,Curve,1044,132,107245813.6,88559.71397,7999.51
Ethereum,11-12-22,SushiSwap,4102,125,8475091.69,1889.231317,409.1893573
Ethereum,11-12-22,Uniswap,36951,230,322055629.9,6899.516473,456.2736532
Ethereum,11-12-22,synthetix,19,14,2784856.057,146571.3714,59138.08237
Flow,11-12-22,BltUsdtSwapPair,11,10,310.0852815,28.18957104,8.700265111
Flow,11-12-22,FlowSwapPair,160,89,44185.16168,276.1572605,43.85252113
Flow,11-12-22,FusdUsdtSwapPair,98,58,16899.22784,172.4411004,23.05170447
Flow,11-12-22,RevvFlowSwapPair,10,9,153.4656479,15.34656479,14.13531572
Flow,11-12-22,StarlyUsdtSwapPair,31,3,1730.228812,55.81383265,58.15292461
Flow,11-12-22,SwapPair,24,8,3538.735782,110.5854932,0.454745126
Flow,11-12-22,UsdcUsdtSwapPair,48,29,20328.56936,423.5118618,46.33329432
Gnosis,11-12-22,Elk,1,1,0.092481937,0.092481937,0.092481937
Gnosis,11-12-22,Others,130,23,20183.34599,155.2565076,89.77326218
Gnosis,11-12-22,SushiSwap,917,144,43294.28375,47.21295938,1.036977099
Gnosis,11-12-22,Uniswap,361,65,3795.171754,10.51294115,2.398201571
NEAR,11-12-22,Jumbo,16,1,738.2176957,46.13860598,29.20092096
NEAR,11-12-22,Others,1023,170,326183.2097,255.8299684,28.23462087
NEAR,11-12-22,Ref Finance,300,31,1077742.059,2674.297913,8.849937345
Optimism,11-12-22,Balancer,45,35,206606.6427,4591.258726,64.2862713
Optimism,11-12-22,Beefy Finance,52,37,83.87558213,1.612991964,0.0437983
Optimism,11-12-22,Elk Finance,4,2,7.73754485,1.934386213,1.761190565
Optimism,11-12-22,Frax Finance,5,5,0.397177872,0.079435574,0.099816299
Optimism,11-12-22,Gnosis Safe,58,28,1245.135599,21.46785516,1.27172824
Optimism,11-12-22,Homora V2,11,8,11.73067017,1.066424561,2.89E-15
Optimism,11-12-22,Others,1599,338,1182401.159,739.4628888,321.2180707
Optimism,11-12-22,Overnight,22,3,15349.461,697.7027729,636.8453114
Optimism,11-12-22,ParaSwap,12,8,694.004595,57.83371625,22.73873087
Optimism,11-12-22,Perpetual Protocol,10,1,4.651655143,0.465165514,0.465165514
Optimism,11-12-22,Reaper Farm,1,1,29.32685035,29.32685035,29.32685035
Optimism,11-12-22,Rubicon,372,6,29083.11488,78.18041635,22.59170637
Optimism,11-12-22,SushiSwap,3784,2220,3606396.762,953.0646834,51.36832052
Optimism,11-12-22,Thales,5,1,1502.158519,300.4317039,300.1601652
Optimism,11-12-22,Uniswap,27439,12908,2355821.143,85.85666909,20.49668643
Optimism,11-12-22,Velodrome,12050,3643,14173177.22,1176.19728,0.238473976
Optimism,11-12-22,Zipswap,10,9,0.692220263,0.069222026,0.019317083
Osmosis,11-12-22,Osmosis,17877,5134,6897474.514,385.8079491,19.11226262
Polygon,11-12-22,Apeswap,184,38,36389.37514,197.7683431,25.11659388
Polygon,11-12-22,Cafeswap,2,1,4.018655021,2.009327511,2.009327511
Polygon,11-12-22,Dfyn Network,132,36,10824.36855,82.00279206,25.00619691
Polygon,11-12-22,Kyberswap,184,2,113737.0115,618.1359322,464.9313949
Polygon,11-12-22,Others,10770,4881,12427335.81,1153.884476,0.843434814
Polygon,11-12-22,Polycat,6,2,14.63482154,2.439136923,0.001113167
Polygon,11-12-22,Quickswap,7183,1076,908312.1321,126.4530325,37.9119543
Polygon,11-12-22,SushiSwap,35494,12810,13095399.66,368.9468546,5.787426847
Polygon,11-12-22,Uniswap,6036,3016,4204413.323,696.5562166,17.6665942
Solana,11-12-22,Jupiter,56416,3660,4119478.147,73.01967787,1.065645853
Solana,11-12-22,Orca,1695,380,226713.8084,133.7544593,2.391733472
Solana,11-12-22,Raydium,2879,898,283825.4203,98.58472395,20.96105437
Solana,11-12-22,Saber,52,13,42809.26964,823.2551854,57.34588529
THORChain,11-12-22,THORChain,6017,245,6552394.572,710.5947914,421.1960047
Algorand,12-12-22,Algofi,1389,82,75177.70556,49.52418021,8.150220571
Algorand,12-12-22,FXDX,13,6,1244.447784,95.72675265,25.07075928
Algorand,12-12-22,Humble,176,51,29959.78239,170.2260363,56.07314615
Algorand,12-12-22,Pact,1644,88,61204.33525,34.0213092,4.30884963
Algorand,12-12-22,Tinyman,11698,1038,670629.1638,57.3285317,3.215872147
Algorand,12-12-22,WAGMI,6,3,18.39112626,3.065187709,0.077507101
Arbitrum,12-12-22,1inch Network,4217,1318,10742897.09,2547.521245,499.9083499
Arbitrum,12-12-22,Camelot,240,158,111812.0576,465.8835731,27.8191275
Arbitrum,12-12-22,Fraxswap,45,15,33114.90019,735.8866709,248.235793
Arbitrum,12-12-22,GMX,1230,778,819505.6919,666.2647901,25.45594883
Arbitrum,12-12-22,Others,7754,2234,11783610.59,1519.681531,154.7633671
Arbitrum,12-12-22,Rage Trade,202,166,2165.671143,10.72114427,1.552981096
Arbitrum,12-12-22,Sumswap,21,9,3818.856954,181.8503311,212.8941661
Arbitrum,12-12-22,SushiSwap,40009,18161,35966924.8,898.9708516,5.712651978
Arbitrum,12-12-22,Uniswap,24524,10021,16442223.84,670.4544053,1.207197487
Avalanche,12-12-22,1inch Network,1140,342,1590411.875,1395.098136,298.5336867
Avalanche,12-12-22,Alligator,1,1,4.488900032,4.488900032,4.488900032
Avalanche,12-12-22,Alpha Nodes,28,18,1200277.54,42867.055,59795.61419
Avalanche,12-12-22,Beefy Finance,33,27,3147.4851,95.37833637,18.7526911
Avalanche,12-12-22,Chainlink,9,5,1622046.79,180227.4211,1132.648048
Avalanche,12-12-22,Cycle Finance,1,1,5.129144839,5.129144839,5.129144839
Avalanche,12-12-22,GMX,57,39,250743.4176,4399.007326,40.60391853
Avalanche,12-12-22,Grape Finance,6,6,0.023867588,0.003977931,0.003378806
Avalanche,12-12-22,Hakuswap,3,3,9.773474262,3.257824754,2.693550151
Avalanche,12-12-22,Ihelp Protocol,1,1,2.33985E-05,2.33985E-05,2.33985E-05
Avalanche,12-12-22,Lydia Finance,31,7,476.2835657,15.36398599,10.12808633
Avalanche,12-12-22,Others,3803,556,1819396.138,478.4107645,17.17804826
Avalanche,12-12-22,Pangolin,1219,298,230798.7707,189.3345124,35.48647499
Avalanche,12-12-22,Partyswap,2,1,0.023315055,0.011657528,0.011657528
Avalanche,12-12-22,Spore,1,1,1.42569E-05,1.42569E-05,1.42569E-05
Avalanche,12-12-22,SushiSwap,7385,2621,1828773.165,247.6334685,50.51333306
Avalanche,12-12-22,Trader Joe,5760,2437,1225768.524,212.8070355,26.8124412
Avalanche,12-12-22,YakSwap,127,46,329466.6298,2594.225431,300.0746186
Avalanche,12-12-22,Yetiswap,21,3,217.9251583,10.37738849,8.264915472
BSC,12-12-22,Biswap,2910,1249,1344348.122,461.9752996,96.72811436
BSC,12-12-22,Bitvalley,1,1,0.025794678,0.025794678,0.025794678
BSC,12-12-22,Bodatoken,1,1,1.2151E-05,1.2151E-05,1.2151E-05
BSC,12-12-22,Brewlabs,2,2,0.710294679,0.35514734,0.35514734
BSC,12-12-22,Bridge$,1,1,1.843068376,1.843068376,1.843068376
BSC,12-12-22,Cake Monster,2,2,381.6288123,190.8144062,190.8144062
BSC,12-12-22,Catcoin,5,5,309.9596511,61.99193021,1.54177809
BSC,12-12-22,Crypter,1,1,0.941085292,0.941085292,0.941085292
BSC,12-12-22,Devolution Metaverse,4,4,77.19116767,19.29779192,17.52491838
BSC,12-12-22,Dogeking,3,3,30.63080287,10.21026762,9.33999205
BSC,12-12-22,Evereth,2,2,3.680420631,1.840210315,1.840210315
BSC,12-12-22,Evergrow,1,1,3.786698711,3.786698711,3.786698711
BSC,12-12-22,Eversafu,1,1,0.00473441,0.00473441,0.00473441
BSC,12-12-22,FatSwap,437,333,34733.31948,79.48128028,15.79887104
BSC,12-12-22,Flokimooni,4,1,5.843801072,1.460950268,1.292229288
BSC,12-12-22,French Connection Finance,1,1,11.93015169,11.93015169,11.93015169
BSC,12-12-22,Frog Inu,1,1,0.079555159,0.079555159,0.079555159
BSC,12-12-22,Futura Finance,3,2,10.12383626,3.374612085,4.179323166
BSC,12-12-22,Grimacecoin,1,1,5.439672252,5.439672252,5.439672252
BSC,12-12-22,Hamster,11,7,0.191211647,0.017382877,0.011714207
BSC,12-12-22,Hodl,4,4,85.86201946,21.46550486,5.535941851
BSC,12-12-22,Jindo Inu,1,1,46.02941113,46.02941113,46.02941113
BSC,12-12-22,Loop Network,6,4,269.8888662,44.98147769,14.53303396
BSC,12-12-22,Luckyblock,4,4,6.308444953,1.577111238,0.959345647
BSC,12-12-22,MDEX,1,1,15.09995455,15.09995455,15.09995455
BSC,12-12-22,Metacash,1,1,0.038640935,0.038640935,0.038640935
BSC,12-12-22,Metapets,4,3,0.06822473,0.017056183,0.017056692
BSC,12-12-22,Nelore Coin,3,3,40.16804097,13.38934699,14.45217263
BSC,12-12-22,Noachis Terra,1,1,3.509969854,3.509969854,3.509969854
BSC,12-12-22,Nomiswap,1664,843,4193941.878,2520.397763,201.3082836
BSC,12-12-22,Orion,10830,27,12345421.46,1139.928113,460.2134614
BSC,12-12-22,Others,53137,22980,19630316.85,369.4283993,27.53832456
BSC,12-12-22,PancakeSwap,43974,11705,163255133.9,3712.537723,198.0248498
BSC,12-12-22,Pantherswap,1,1,0.039340487,0.039340487,0.039340487
BSC,12-12-22,Phoenixco,1,1,0.116653411,0.116653411,0.116653411
BSC,12-12-22,Powermade,1,1,12.07897416,12.07897416,12.07897416
BSC,12-12-22,Reflex Finance,1,1,2.327098097,2.327098097,2.327098097
BSC,12-12-22,Rewardeum,2,2,0.208592803,0.104296402,0.104296402
BSC,12-12-22,Safemoon,9,7,789.0081201,87.6675689,87.57302338
BSC,12-12-22,Safuu,35,27,1904.384071,54.41097347,9.379079576
BSC,12-12-22,Sanji Inu,2,2,9.052616193,4.526308096,4.526308096
BSC,12-12-22,Savebee,1,1,2.428535203,2.428535203,2.428535203
BSC,12-12-22,Saylor Moon,1,1,57.69608881,57.69608881,57.69608881
BSC,12-12-22,Siamese Neko,1,1,0.028726098,0.028726098,0.028726098
BSC,12-12-22,Solar Energy,1,1,377.3242892,377.3242892,377.3242892
BSC,12-12-22,Steam Exchange,1,1,7.23317914,7.23317914,7.23317914
BSC,12-12-22,SushiSwap,352020,128294,79973655.61,227.184977,36.25522319
BSC,12-12-22,Titano,1,1,374.9646822,374.9646822,374.9646822
BSC,12-12-22,Transhuman Coin,1,1,0.867534521,0.867534521,0.867534521
BSC,12-12-22,Volt Inu,4,4,0.684864188,0.171216047,0.169014365
BSC,12-12-22,W3Swap,290,201,222977.7715,768.8888674,134.360823
BSC,12-12-22,Walk With Step,1,1,90.53061227,90.53061227,90.53061227
BSC,12-12-22,Wegro,1,1,0.028631323,0.028631323,0.028631323
BSC,12-12-22,Y-5 Finance,4,4,0.404487623,0.101121906,0.121992075
BSC,12-12-22,Zombie Inu,7,7,52.16323512,7.451890732,4.421020411
BSC,12-12-22,Zooswap,1161,504,187833.2172,161.7857168,181.1994546
Ethereum,12-12-22,Balancer,1000,418,170329612.4,122012.6163,3589.16
Ethereum,12-12-22,Curve,1834,171,160317839.2,77187.21193,11696.87
Ethereum,12-12-22,SushiSwap,4924,141,12255001.5,2217.698425,482.9717925
Ethereum,12-12-22,Uniswap,49785,252,584420217.2,9311.095454,534.2571502
Ethereum,12-12-22,synthetix,17,16,1134681.327,66745.96043,63294.4322
Flow,12-12-22,BltUsdtSwapPair,16,10,3124.41428,195.2758925,2.222163742
Flow,12-12-22,FlowSwapPair,218,105,49052.25626,222.9648012,35.10187579
Flow,12-12-22,FusdUsdtSwapPair,109,58,11985.34933,109.9573333,4.641644385
Flow,12-12-22,RevvFlowSwapPair,3,3,1054.717879,351.5726264,31.61147564
Flow,12-12-22,StarlyUsdtSwapPair,131,5,12630.6678,96.41731143,74.53455502
Flow,12-12-22,SwapPair,60,13,11635.46136,159.3898816,0.866407511
Flow,12-12-22,UsdcUsdtSwapPair,92,54,26883.6206,285.9959639,61.534987
Gnosis,12-12-22,Elk,6,4,61.62965983,10.27160997,0.424755814
Gnosis,12-12-22,Others,117,34,17292.11278,147.7958358,51.82890979
Gnosis,12-12-22,SushiSwap,1334,201,105584.1894,79.14856779,1.399728381
Gnosis,12-12-22,Uniswap,536,91,6136.952862,11.44953892,2.645924196
NEAR,12-12-22,Jumbo,5,2,117.1294101,19.52156835,6.872732338
NEAR,12-12-22,Others,1133,256,534129.2416,391.3034737,30.76665084
NEAR,12-12-22,Ref Finance,454,33,1741328.284,3092.945442,528.116301
Optimism,12-12-22,Balancer,58,41,250184.3548,4313.523358,64.65844447
Optimism,12-12-22,Beefy Finance,26,18,86.1420078,3.313154146,0.08080502
Optimism,12-12-22,Brahma,1,1,240.1217708,240.1217708,240.1217708
Optimism,12-12-22,Defi Saver,3,3,1304.724543,434.9081811,147.5833356
Optimism,12-12-22,Elk Finance,9,7,56.71167641,6.301297379,4.617754703
Optimism,12-12-22,Frax Finance,2,2,0.252443635,0.126221817,0.126221817
Optimism,12-12-22,Gnosis Safe,80,41,4074.438146,50.93047682,2.272850955
Optimism,12-12-22,Homora V2,15,10,21552.51051,1436.834034,1.90E-14
Optimism,12-12-22,Kyberswap,8,1,5062.274321,632.7842901,682.953125
Optimism,12-12-22,Nex,1,1,30.25749812,30.25749812,30.25749812
Optimism,12-12-22,Others,2039,331,2257307.896,1107.066158,425.9144468
Optimism,12-12-22,Overnight,30,3,21386.0587,712.8686234,643.3000287
Optimism,12-12-22,ParaSwap,16,14,1707.434102,106.7146314,3.093188472
Optimism,12-12-22,Perpetual Protocol,10,2,5.749174893,0.574917489,0.45070085
Optimism,12-12-22,Radioshack Swap,9,3,1770.876743,196.7640826,196.1911326
Optimism,12-12-22,Reaper Farm,3,2,8020.47472,2673.491573,2864.192896
Optimism,12-12-22,Rubicon,487,6,25738.49997,52.8511293,22.25528268
Optimism,12-12-22,SushiSwap,3834,2320,1741917.379,454.3342146,29.9712855
Optimism,12-12-22,Thales,5,1,1500.655295,300.1310589,300.732807
Optimism,12-12-22,Uniswap,21975,10012,4365215.712,198.6446286,24.99960694
Optimism,12-12-22,Velodrome,14959,3751,29978909.67,2004.071774,0.804126564
Optimism,12-12-22,Zipswap,11,10,2455.155464,223.1959512,0.156862027
Osmosis,12-12-22,Osmosis,18465,5117,6284015.156,340.2650615,13.52521149
Polygon,12-12-22,Apeswap,182,49,11482.1818,63.08891101,27.3108853
Polygon,12-12-22,Cafeswap,4,3,8.23804836,2.05951209,2.02302854
Polygon,12-12-22,Dfyn Network,131,46,30989.79811,236.5633443,32.59050527
Polygon,12-12-22,Kyberswap,411,4,229052.316,557.304905,451.9010052
Polygon,12-12-22,Nftismus,1,1,114.4810903,114.4810903,114.4810903
Polygon,12-12-22,Others,9915,1826,15007859.82,1513.652024,20.56307461
Polygon,12-12-22,Polycat,6,2,14.50200605,2.417001008,0.000856637
Polygon,12-12-22,Quickswap,7466,1281,1508287.701,202.0208546,42.95653689
Polygon,12-12-22,SushiSwap,48186,16936,21513844.72,446.4750076,10.02164231
Polygon,12-12-22,Uniswap,8611,3704,7579239.286,880.1810807,24.81042202
Solana,12-12-22,Jupiter,97752,4373,6261833.047,64.05836246,1.017094857
Solana,12-12-22,Orca,2116,435,338957.6949,160.1879466,4.008310656
Solana,12-12-22,Raydium,3298,1045,329438.4515,99.8903734,17.90636593
Solana,12-12-22,Saber,99,20,76839.06456,776.1521673,30.33457814
THORChain,12-12-22,THORChain,12003,305,12476813.61,651.8370834,413.6863595
Algorand,13-12-22,Algofi,1576,81,60139.8694,34.86369241,4.664292468
Algorand,13-12-22,FXDX,15,6,1211.387391,80.75915943,24.21951539
Algorand,13-12-22,Humble,161,40,41367.19327,256.9390887,328.5601143
Algorand,13-12-22,Pact,1453,85,70360.42097,44.36344324,5.162839116
Algorand,13-12-22,Tinyman,12285,1022,594301.8223,48.37621671,2.189973333
Algorand,13-12-22,WAGMI,1,1,8.720260291,8.720260291,8.720260291
Arbitrum,13-12-22,1inch Network,4857,1480,10276912.42,2115.897141,501.0346171
Arbitrum,13-12-22,Camelot,461,232,335928.7606,728.6957931,48.54801195
Arbitrum,13-12-22,Fraxswap,56,17,27003.51115,482.2055562,255.8601492
Arbitrum,13-12-22,GMX,1713,945,2360780.213,1378.155407,46.25289043
Arbitrum,13-12-22,Others,10558,2139,20742356.43,1964.610383,635.7657775
Arbitrum,13-12-22,Rage Trade,71,63,2122.801188,29.89860828,1.701726074
Arbitrum,13-12-22,Sumswap,13,7,2189.318847,168.4091421,212.8236586
Arbitrum,13-12-22,SushiSwap,33122,11802,51146728.25,1544.192025,7.941037035
Arbitrum,13-12-22,Uniswap,31971,10058,27737028.96,867.568389,0.100206923
Avalanche,13-12-22,1inch Network,2218,447,6344753.361,2860.574103,522.2243188
Avalanche,13-12-22,Alpha Nodes,24,11,1105291.588,46053.81616,68297.17544
Avalanche,13-12-22,Beefy Finance,34,29,7635.990703,224.5879619,22.12052909
Avalanche,13-12-22,Chainlink,12,5,2074659.998,172888.3332,1131.090504
Avalanche,13-12-22,Cycle Finance,1,1,5.305634877,5.305634877,5.305634877
Avalanche,13-12-22,GMX,98,67,147514.9585,1505.254678,115.8873195
Avalanche,13-12-22,Grape Finance,4,3,502.6512351,125.6628088,2.094635047
Avalanche,13-12-22,Hakuswap,4,4,74.69502862,18.67375715,3.918292723
Avalanche,13-12-22,Ihelp Protocol,1,1,2.32337E-05,2.32337E-05,2.32337E-05
Avalanche,13-12-22,Lydia Finance,29,7,646.5848759,22.2960302,6.855376524
Avalanche,13-12-22,Others,3889,613,3574358.048,919.094381,162.3407572
Avalanche,13-12-22,Pangolin,1612,338,438382.3015,271.9493185,87.72831518
Avalanche,13-12-22,SushiSwap,8091,2493,4107642.053,507.6803921,82.54477493
Avalanche,13-12-22,Trader Joe,6436,2397,1973505.446,306.6354017,42.29084208
Avalanche,13-12-22,YakSwap,205,69,356876.7488,1740.862189,499.2924446
Avalanche,13-12-22,Yetiswap,47,6,265.0930712,5.64027811,5.870101472
Avalanche,13-12-22,Yieldwolf,7,6,5.212648714,0.744664102,0.729621977
BSC,13-12-22,Biswap,3909,1476,3264523.841,835.1301718,199.9769613
BSC,13-12-22,Brewlabs,2,2,56.50134283,28.25067142,28.25067142
BSC,13-12-22,Bridge$,1,1,1.779006958,1.779006958,1.779006958
BSC,13-12-22,Cake Monster,2,2,405.346141,202.6730705,202.6730705
BSC,13-12-22,Catcoin,6,6,71.53906549,11.92317758,2.083445689
BSC,13-12-22,Cryogen,1,1,0.461754082,0.461754082,0.461754082
BSC,13-12-22,Crypter,2,2,1.315393296,0.657696648,0.657696648
BSC,13-12-22,Crypto Chip Token,1,1,0.995600389,0.995600389,0.995600389
BSC,13-12-22,Devolution Metaverse,2,2,37.42810079,18.71405039,18.71405039
BSC,13-12-22,Doge Floki,2,2,14.36999411,7.184997055,7.184997055
BSC,13-12-22,Dogeking,5,5,125.990328,25.1980656,9.070362711
BSC,13-12-22,Dyor,1,1,6.810964643,6.810964643,6.810964643
BSC,13-12-22,Ecoin Finance,1,1,1.354669454,1.354669454,1.354669454
BSC,13-12-22,Ecole,1,1,0.121655539,0.121655539,0.121655539
BSC,13-12-22,Evereth,2,2,0.18675317,0.093376585,0.093376585
BSC,13-12-22,Evergrow,1,1,0.02562824,0.02562824,0.02562824
BSC,13-12-22,Eversafu,3,3,0.948250248,0.316083416,0.433682405
BSC,13-12-22,Face Meta,1,1,4.383233945,4.383233945,4.383233945
BSC,13-12-22,FatSwap,666,412,51837.80059,77.83453542,12.08615688
BSC,13-12-22,Frog Inu,1,1,6.983594743,6.983594743,6.983594743
BSC,13-12-22,Futura Finance,4,2,11.34969011,2.837422526,2.834159144
BSC,13-12-22,Grimacecoin,1,1,3.729466915,3.729466915,3.729466915
BSC,13-12-22,Hamster,27,27,1.423028655,0.052704765,0.017153412
BSC,13-12-22,Hodl,10,10,60.31065129,6.031065129,5.83801358
BSC,13-12-22,Income Island,1,1,6.30430271,6.30430271,6.30430271
BSC,13-12-22,Kaiken Shiba,1,1,0.0020187,0.0020187,0.0020187
BSC,13-12-22,King Shiba,2,2,1394.689559,697.3447795,697.3447795
BSC,13-12-22,Kingdom Swap 2.0,2,2,0.976760395,0.488380198,0.488380198
BSC,13-12-22,Lil Floki,1,1,0.000310443,0.000310443,0.000310443
BSC,13-12-22,Loop Network,9,5,433.205542,48.13394911,38.85137286
BSC,13-12-22,Luckyblock,3,3,5.725776929,1.90859231,1.767012978
BSC,13-12-22,MDEX,4,4,555.3598247,138.8399562,8.000422821
BSC,13-12-22,Metacash,1,1,0.107995357,0.107995357,0.107995357
BSC,13-12-22,Metapets,4,4,0.065688979,0.016422245,0.016424315
BSC,13-12-22,Nelore Coin,4,4,85.23765106,21.30941277,15.66788124
BSC,13-12-22,Noachis Terra,2,2,6.979370308,3.489685154,3.489685154
BSC,13-12-22,Nomiswap,2287,1174,20544086.82,8982.985057,261.5057189
BSC,13-12-22,Orion,17120,27,20567588.79,1201.37785,470.2053596
BSC,13-12-22,Others,57627,22233,31375557.24,544.4593201,51.00806949
BSC,13-12-22,PancakeSwap,64184,13474,171431595.3,2670.939725,262.6776065
BSC,13-12-22,Phoenixco,3,3,0.3437007,0.1145669,0.115047897
BSC,13-12-22,Pumpeth,1,1,17.18290844,17.18290844,17.18290844
BSC,13-12-22,Safemoon,19,14,1621.896658,85.36298198,86.3578317
BSC,13-12-22,Safuu,38,33,4961.579074,130.5678704,36.05820618
BSC,13-12-22,Sanji Inu,1,1,53.84165685,53.84165685,53.84165685
BSC,13-12-22,Savebee,1,1,1.168504073,1.168504073,1.168504073
BSC,13-12-22,Shiba Heist,1,1,0.026443053,0.026443053,0.026443053
BSC,13-12-22,Shield Coin,1,1,0.004245362,0.004245362,0.004245362
BSC,13-12-22,Sparklab,1,1,0.000117923,0.000117923,0.000117923
BSC,13-12-22,Standard In Gold,1,1,0.708281443,0.708281443,0.708281443
BSC,13-12-22,Steam Exchange,1,1,6.755943058,6.755943058,6.755943058
BSC,13-12-22,SushiSwap,413884,143224,116147546.5,280.6282594,33.03928082
BSC,13-12-22,Token Bank Exchange,1,1,0.850267892,0.850267892,0.850267892
BSC,13-12-22,Transhuman Coin,1,1,3.03447643,3.03447643,3.03447643
BSC,13-12-22,Tripcandy,1,1,43.55117608,43.55117608,43.55117608
BSC,13-12-22,Volt Inu,1,1,7.285214156,7.285214156,7.285214156
BSC,13-12-22,W3Swap,501,322,300734.1974,600.2678591,145.4079228
BSC,13-12-22,Walk With Step,1,1,305.7061578,305.7061578,305.7061578
BSC,13-12-22,Y-5 Finance,13,10,0.52527404,0.040405695,0.003552715
BSC,13-12-22,Zombie Inu,9,9,36.78620444,4.087356049,0.898154985
BSC,13-12-22,Zooswap,1475,659,201633.3083,136.700548,62.33011528
BSC,13-12-22,Zufinance,1,1,0.021461847,0.021461847,0.021461847
BSC,13-12-22,Zuna,1,1,32.07734923,32.07734923,32.07734923
Ethereum,13-12-22,Balancer,1515,674,385064887.4,167784.2647,6076.37
Ethereum,13-12-22,Curve,2596,216,263399407.7,87887.69024,11840.44
Ethereum,13-12-22,SushiSwap,5883,150,14178655.58,2153.828889,575.8185076
Ethereum,13-12-22,Uniswap,57487,271,1565428916,21208.9001,782.9891554
Ethereum,13-12-22,synthetix,50,33,5969819.846,119396.3969,80902.0234
Flow,13-12-22,BltUsdtSwapPair,19,8,3620.396228,190.5471699,6.717404659
Flow,13-12-22,FlowSwapPair,220,104,75009.54235,339.4096939,61.86034698
Flow,13-12-22,FusdUsdtSwapPair,101,61,14062.28612,139.2305556,6.69645034
Flow,13-12-22,RevvFlowSwapPair,4,3,1260.003291,315.0008227,315.7446299
Flow,13-12-22,StarlyUsdtSwapPair,45,7,2512.942094,55.84315765,56.48500459
Flow,13-12-22,SwapPair,38,1,18.79184309,0.494522187,0.428361342
Gnosis,13-12-22,Elk,19,6,280.2273037,14.74880546,0.127106975
Gnosis,13-12-22,Others,294,39,64942.79243,220.8938518,145.3804053
Gnosis,13-12-22,SushiSwap,2335,203,141787.8829,60.72286204,1.152843036
Gnosis,13-12-22,Uniswap,941,72,18519.67156,19.68084119,2.522651956
NEAR,13-12-22,Jumbo,23,1,1807.134186,78.57105156,81.77077961
NEAR,13-12-22,Others,1296,208,802605.8786,525.6096127,35.74383352
NEAR,13-12-22,Ref Finance,905,29,2507063.151,2164.994085,531.7540197
Optimism,13-12-22,Balancer,47,39,139868.3118,2975.921529,68.32874197
Optimism,13-12-22,Beefy Finance,36,33,79.00590488,2.194608469,0.075283205
Optimism,13-12-22,Beethoven X,3,1,93259.22285,31086.40762,31086.40762
Optimism,13-12-22,Biconomy,2,2,6989.074337,3494.537169,3494.537169
Optimism,13-12-22,Defi Saver,3,3,200.4299585,66.80998616,66.77645397
Optimism,13-12-22,Elk Finance,8,5,405.6262355,50.70327944,1.930226079
Optimism,13-12-22,Frax Finance,2,1,2.399750237,1.199875118,1.199875118
Optimism,13-12-22,Gnosis Safe,125,44,411.5060738,3.292048591,1.989810564
Optimism,13-12-22,Homora V2,37,19,152292.6139,4116.016593,0.059091137
Optimism,13-12-22,Kyberswap,109,1,117518.3645,1078.150133,999.6301492
Optimism,13-12-22,Nuke Vaults,1,1,1.514305726,1.514305726,1.514305726
Optimism,13-12-22,Others,2983,374,3657923.112,1226.256491,526.8050886
Optimism,13-12-22,Overnight,50,5,111339.4275,2226.78855,877.1963547
Optimism,13-12-22,ParaSwap,14,11,1737.634699,124.1167642,0.299889045
Optimism,13-12-22,Perpetual Protocol,39,2,42.81788474,1.097894481,0.463091902
Optimism,13-12-22,Radioshack Swap,20,2,1947.60909,97.38045452,36.565538
Optimism,13-12-22,Reaper Farm,2,2,5183.726107,2591.863054,2591.863054
Optimism,13-12-22,Rubicon,635,6,108198.9714,170.392081,21.98086735
Optimism,13-12-22,SushiSwap,4497,2227,3590542.881,798.4307052,90.60219007
Optimism,13-12-22,Thales,5,1,1498.697579,299.7395157,296.4052349
Optimism,13-12-22,Uniswap,26064,10677,6662307.068,255.6133774,26.50217249
Optimism,13-12-22,Velodrome,20771,4028,54723332.94,2634.602712,0.924817829
Optimism,13-12-22,Zipswap,11,10,183.4772031,16.67974574,1.661174451
Osmosis,13-12-22,Osmosis,18307,4919,6178567.968,337.4791331,22.35529393
Polygon,13-12-22,Apeswap,197,54,19612.66217,99.55666075,25.39146715
Polygon,13-12-22,Cafeswap,7,2,17.18494497,2.454992138,2.031317372
Polygon,13-12-22,Dfyn Network,169,61,38621.40554,228.5290269,50.2868155
Polygon,13-12-22,Kyberswap,624,3,335919.6328,538.3327448,298.7037407
Polygon,13-12-22,Others,13316,1860,27839450.24,2090.676647,43.05810856
Polygon,13-12-22,Polycat,3,2,14.64262158,4.880873858,7.208267381
Polygon,13-12-22,Quickswap,7178,1238,1111140.872,154.7981153,39.06379514
Polygon,13-12-22,SushiSwap,88064,32758,40685961.25,462.0044655,0.024241757
Polygon,13-12-22,Uniswap,9407,4461,11737483.6,1247.7393,28.72282764
Solana,13-12-22,Jupiter,202280,4887,11933297.75,58.99395763,1.000943647
Solana,13-12-22,Orca,2816,484,779978.1103,276.980863,10.15622511
Solana,13-12-22,Raydium,3060,1125,325455.1267,106.3578845,24.28657523
Solana,13-12-22,Saber,186,20,236837.0314,1273.317373,26.47960457
THORChain,13-12-22,THORChain,17336,462,20033071.55,702.7421878,416.5423419
Algorand,14-12-22,Algofi,571,54,30904.81295,50.5807086,6.691070019
Algorand,14-12-22,FXDX,11,4,1017.955757,92.54143247,138.943934
Algorand,14-12-22,Humble,104,28,22184.39194,213.3114609,67.073597
Algorand,14-12-22,Pact,825,56,35955.15139,40.39904651,5.177456447
Algorand,14-12-22,Tinyman,7048,964,314454.0376,44.61606663,1.882145123
Arbitrum,14-12-22,1inch Network,3895,1493,1.56417E+12,401583660.9,4597948.988
Arbitrum,14-12-22,Camelot,630,244,43036597532,68312059.57,7398155.383
Arbitrum,14-12-22,Fraxswap,55,6,4326246920,78659034.91,565.5135335
Arbitrum,14-12-22,GMX,1627,867,1.53861E+12,945672417,4855550.198
Arbitrum,14-12-22,Layer2dao,1,1,32740708824,32740708824,32740708824
Arbitrum,14-12-22,Others,10845,1685,7.4139E+12,683623602.6,70451238.47
Arbitrum,14-12-22,Rage Trade,41,37,8747326.995,213349.4389,18.46757302
Arbitrum,14-12-22,Sumswap,31,13,15896362.49,512785.8869,109.2830032
Arbitrum,14-12-22,SushiSwap,30540,12295,8.72797E+12,285788230.6,33190.53056
Arbitrum,14-12-22,Uniswap,21435,7706,1.09201E+13,509450078.5,96296.20242
Avalanche,14-12-22,1inch Network,1405,344,1821562.241,1296.485581,502.5431601
Avalanche,14-12-22,Alpha Nodes,49,30,2877208.909,58718.54916,69129.19369
Avalanche,14-12-22,Beefy Finance,38,32,23746.97111,624.9202923,11.26376479
Avalanche,14-12-22,Chainlink,3,3,30.50957453,10.16985818,12.86687371
Avalanche,14-12-22,Cycle Finance,1,1,5.525720488,5.525720488,5.525720488
Avalanche,14-12-22,GMX,87,50,825710.0788,9490.920447,89.32586722
Avalanche,14-12-22,Grape Finance,6,4,51.55280406,8.592134009,1.235741342
Avalanche,14-12-22,Hakuswap,5,5,56.45511368,11.29102274,3.559024006
Avalanche,14-12-22,Ihelp Protocol,1,1,2.22866E-05,2.22866E-05,2.22866E-05
Avalanche,14-12-22,Lydia Finance,32,9,463.1943782,14.47482432,6.224978717
Avalanche,14-12-22,Others,3995,580,5694682.775,1425.452509,76.23929213
Avalanche,14-12-22,Pangolin,1477,322,457348.8485,309.6471554,86.63860673
Avalanche,14-12-22,SushiSwap,6648,2415,1804362.531,271.4143398,51.47328295
Avalanche,14-12-22,Trader Joe,13182,8089,1515890.907,114.9970344,0.99912286
Avalanche,14-12-22,YakSwap,174,50,306714.6873,1762.728088,502.0045592
Avalanche,14-12-22,Yetiswap,48,3,236.2494429,4.921863394,4.05196
Avalanche,14-12-22,Yieldwolf,1,1,0.0244999,0.0244999,0.0244999
BSC,14-12-22,Biswap,2920,1346,1511562.532,517.6584015,91.47938473
BSC,14-12-22,Bodatoken,1,1,0.054051225,0.054051225,0.054051225
BSC,14-12-22,Cake Monster,5,5,208.7719605,41.75439211,1.729464248
BSC,14-12-22,Catcoin,5,5,102.253191,20.4506382,6.973344747
BSC,14-12-22,Cerberus,1,1,7.43E-10,7.43E-10,7.43E-10
BSC,14-12-22,Clear Water,1,1,6.406795775,6.406795775,6.406795775
BSC,14-12-22,Crypter,1,1,0.019066285,0.019066285,0.019066285
BSC,14-12-22,Crypto Chip Token,1,1,1.703550026,1.703550026,1.703550026
BSC,14-12-22,Dexira,1,1,139.2058838,139.2058838,139.2058838
BSC,14-12-22,Doge Floki,3,3,21.78328148,7.261093828,7.247021015
BSC,14-12-22,Dogeking,4,4,81.89232164,20.47308041,21.56822452
BSC,14-12-22,Empire,1,1,11.75951907,11.75951907,11.75951907
BSC,14-12-22,Evereth,4,2,4.822851743,1.205712936,0.228581982
BSC,14-12-22,Evergrow,3,3,4.825150288,1.608383429,1.132629932
BSC,14-12-22,Eversafu,2,2,0.023395397,0.011697698,0.011697698
BSC,14-12-22,FatSwap,441,286,33213.60694,75.31430145,16.23493863
BSC,14-12-22,Firstonthemoon,1,1,2.569374074,2.569374074,2.569374074
BSC,14-12-22,Flokimooni,1,1,5.77728113,5.77728113,5.77728113
BSC,14-12-22,French Connection Finance,1,1,11.43036767,11.43036767,11.43036767
BSC,14-12-22,Frog Inu,1,1,11.96988193,11.96988193,11.96988193
BSC,14-12-22,Futura Finance,3,2,9.691632718,3.230544239,4.001057844
BSC,14-12-22,Goblin,1,1,9.30007E-05,9.30007E-05,9.30007E-05
BSC,14-12-22,Hamster,8,8,0.650559575,0.081319947,0.011675994
BSC,14-12-22,Hodl,12,12,76.96515126,6.413762605,5.012006698
BSC,14-12-22,Librium Tech,1,1,1.018650872,1.018650872,1.018650872
BSC,14-12-22,Loop Network,5,4,461.3741368,92.27482737,48.67362603
BSC,14-12-22,Luckyblock,4,4,7.214866113,1.803716528,2.188406554
BSC,14-12-22,MDEX,2,2,14.94863819,7.474319096,7.474319096
BSC,14-12-22,Meta Tigr,1,1,108.3777396,108.3777396,108.3777396
BSC,14-12-22,Metacash,1,1,0.006652867,0.006652867,0.006652867
BSC,14-12-22,Metapets,6,4,0.09971677,0.016619462,0.016611686
BSC,14-12-22,Minifloki,1,1,1.006726311,1.006726311,1.006726311
BSC,14-12-22,Moorex,3,2,0.125150057,0.041716686,0.048094835
BSC,14-12-22,Nelore Coin,2,2,57.17780227,28.58890113,28.58890113
BSC,14-12-22,Nomiswap,1593,758,9018733.846,5661.477618,200.8683686
BSC,14-12-22,Orion,6587,27,7618714.555,1156.628899,464.8580359
BSC,14-12-22,Others,52541,22000,22027485.24,419.243738,50.05508497
BSC,14-12-22,PancakeSwap,52075,11872,129186293.5,2480.77376,235.5817399
BSC,14-12-22,Pantherswap,1,1,0.03942585,0.03942585,0.03942585
BSC,14-12-22,Phoenixco,4,4,0.451569573,0.112892393,0.114190071
BSC,14-12-22,Powermade,2,2,11.12311492,5.561557459,5.561557459
BSC,14-12-22,Pumpeth,1,1,0.000936631,0.000936631,0.000936631
BSC,14-12-22,Reflex Finance,1,1,236.5971419,236.5971419,236.5971419
BSC,14-12-22,Restore Truth,1,1,6.642160301,6.642160301,6.642160301
BSC,14-12-22,Riseupv2,1,1,70.23209929,70.23209929,70.23209929
BSC,14-12-22,Safemoon,10,10,18815.49658,1881.549658,87.57220849
BSC,14-12-22,Safuu,14,14,871.5586807,62.25419148,17.906976
BSC,14-12-22,Sanji Inu,2,2,2.040053495,1.020026748,1.020026748
BSC,14-12-22,Saylor Moon,1,1,56.58075938,56.58075938,56.58075938
BSC,14-12-22,Shield Network,1,1,0.110431484,0.110431484,0.110431484
BSC,14-12-22,Sonar Platform,1,1,101.0125468,101.0125468,101.0125468
BSC,14-12-22,Starship,1,1,398.9164232,398.9164232,398.9164232
BSC,14-12-22,Steam Exchange,1,1,6.566676091,6.566676091,6.566676091
BSC,14-12-22,Stepd,1,1,1.125847135,1.125847135,1.125847135
BSC,14-12-22,SushiSwap,388279,140167,87707591.87,225.8880647,32.85565825
BSC,14-12-22,Tarp,1,1,688.7489922,688.7489922,688.7489922
BSC,14-12-22,Transhuman Coin,1,1,2.457407073,2.457407073,2.457407073
BSC,14-12-22,Volt Inu,1,1,1.076728026,1.076728026,1.076728026
BSC,14-12-22,Volt Inu (Volt),1,1,5104.056068,5104.056068,5104.056068
BSC,14-12-22,W3Swap,683,431,437075.4119,639.9347173,138.0006002
BSC,14-12-22,Walk With Step,1,1,129.0066074,129.0066074,129.0066074
BSC,14-12-22,Wolf Pups,1,1,79.23867673,79.23867673,79.23867673
BSC,14-12-22,Y-5 Finance,13,13,0.066764813,0.005135755,0.005088715
BSC,14-12-22,Zombie Inu,11,11,18.69145628,1.699223298,0.703219354
BSC,14-12-22,Zooswap,1334,610,195941.9773,146.8830414,122.2632733
Ethereum,14-12-22,Balancer,983,472,158508465,116894.1483,3606.92
Ethereum,14-12-22,Curve,1699,179,183657382.4,90874.50886,10016.74
Ethereum,14-12-22,SushiSwap,5201,150,10890208.73,1874.067927,490.6313272
Ethereum,14-12-22,Uniswap,50005,260,881184300.1,13833.78285,599.675495
Ethereum,14-12-22,synthetix,48,34,4410153.71,91878.20229,82285.92792
Flow,14-12-22,BltUsdtSwapPair,25,23,5430.995116,217.2398047,18.70135099
Flow,14-12-22,FlowSwapPair,202,122,59725.69394,291.3448485,53.54010362
Flow,14-12-22,FusdUsdtSwapPair,114,73,19224.4986,168.6359526,24.69982176
Flow,14-12-22,StarlyUsdtSwapPair,39,4,2358.966041,60.48630874,55.70026255
Flow,14-12-22,SwapPair,24,5,3505.776367,97.38267686,0.43629907
Flow,14-12-22,UsdcUsdtSwapPair,81,50,30832.03619,367.0480499,58.59215642
Gnosis,14-12-22,Elk,4,4,127.7640967,31.94102418,12.01762231
Gnosis,14-12-22,Others,201,34,47868.01809,238.1493437,119.0685667
Gnosis,14-12-22,SushiSwap,1633,220,97177.08592,59.50831961,1.175441421
Gnosis,14-12-22,Uniswap,541,70,13232.58848,24.45949811,0.994099013
NEAR,14-12-22,Jumbo,12,1,655.1186087,54.59321739,12.70238303
NEAR,14-12-22,Others,1231,211,833512.0988,583.6919459,34.67317463
NEAR,14-12-22,Ref Finance,497,37,2206176.396,3918.608164,608.6024736
Optimism,14-12-22,Balancer,48,46,87882.58105,1830.887105,70.04347752
Optimism,14-12-22,Beefy Finance,35,31,179.1174455,5.117641299,0.150033611
Optimism,14-12-22,Diamond Protocol,1,1,11.05037108,11.05037108,11.05037108
Optimism,14-12-22,Elk Finance,7,3,120.275422,17.18220314,1.205837805
Optimism,14-12-22,Gnosis Safe,51,30,236.3637964,4.634584244,1.326193654
Optimism,14-12-22,Homora V2,30,22,51845.61174,1728.187058,0.102524921
Optimism,14-12-22,Iron Bank,1,1,299.9106223,299.9106223,299.9106223
Optimism,14-12-22,Kyberswap,93,1,119261.6321,1282.383141,1399.666128
Optimism,14-12-22,Nex,4,1,439.0412009,109.7603002,133.1308039
Optimism,14-12-22,Nuke Vaults,1,1,0.581996173,0.581996173,0.581996173
Optimism,14-12-22,Others,2509,405,3435348.268,1369.21015,405.13
Optimism,14-12-22,Overnight,35,4,25937.00234,741.0572097,643.0243673
Optimism,14-12-22,ParaSwap,12,10,14224.31489,1185.359574,0.49988076
Optimism,14-12-22,Perpetual Protocol,61,3,14851.27004,243.4634433,178.1780143
Optimism,14-12-22,Radioshack Swap,5,2,1345.050227,269.0100455,240.8636821
Optimism,14-12-22,Rubicon,527,6,45092.82004,85.56512342,22.27154342
Optimism,14-12-22,SushiSwap,5149,2695,3627753.201,704.554904,62.49246406
Optimism,14-12-22,Symphony Finance,1,1,1.00E-06,1.00E-06,1.00E-06
Optimism,14-12-22,Thales,4,1,1207.98597,301.9964925,301.8064899
Optimism,14-12-22,Uniswap,32323,13749,6451771.789,199.6031244,29.9928456
Optimism,14-12-22,Velodrome,22776,4661,57164623.42,2509.862286,0.257728022
Optimism,14-12-22,Zipswap,18,17,7.499234078,0.416624115,0.179057265
Osmosis,14-12-22,Osmosis,1909,588,852995.5886,444.9637916,24.2669962
Polygon,14-12-22,Apeswap,204,58,21737.80312,106.5578584,29.32110847
Polygon,14-12-22,Cafeswap,6,3,18.70802185,3.118003641,2.022145412
Polygon,14-12-22,Dfyn Network,170,53,31668.90038,186.2876493,32.84962482
Polygon,14-12-22,Kyberswap,882,3,436549.5425,494.9541298,288.7841959
Polygon,14-12-22,Others,11271,1432,21875497.22,1940.865692,46.27154725
Polygon,14-12-22,Polycat,5,2,14.62581227,2.925162453,0.000899705
Polygon,14-12-22,Quickswap,6755,1333,835494.7506,123.6853813,29.74522819
Polygon,14-12-22,SushiSwap,64107,24446,30717295.29,479.1566489,2.224077864
Polygon,14-12-22,Sushiswap,1,1,1.420627296,1.420627296,1.420627296
Polygon,14-12-22,Uniswap,8771,4222,9186791.968,1047.405309,26.00984131
Solana,14-12-22,Jupiter,176932,4998,14825532.45,83.79226172,1.002294534
Solana,14-12-22,Orca,2549,458,729523.5017,286.199883,10.99919704
Solana,14-12-22,Raydium,3061,1062,293453.9993,95.86867014,17.30750181
Solana,14-12-22,Saber,109,24,1617931.918,14843.41209,39.5336401
THORChain,14-12-22,THORChain,19247,532,22933643.51,791.3883679,437.3123517
Algorand,15-12-22,Algofi,1413,65,70689.97746,47.28426586,4.839727668
Algorand,15-12-22,FXDX,43,12,25384.02542,590.3261725,160.2795752
Algorand,15-12-22,Humble,244,38,68495.62773,280.7197858,332.0887025
Algorand,15-12-22,Pact,1507,70,65001.37542,38.89968607,4.709111597
Algorand,15-12-22,Tinyman,10037,910,573029.2056,57.09168134,2.438160582
Arbitrum,15-12-22,1inch Network,2868,1157,32983604020,11500559.28,498.4048573
Arbitrum,15-12-22,Camelot,386,165,2998652861,7768530.729,327.8153956
Arbitrum,15-12-22,Fraxswap,15,10,15628.07099,1041.871399,977.2778149
Arbitrum,15-12-22,GMX,1379,698,34320660667,24888078.8,1077.914147
Arbitrum,15-12-22,Layer2dao,1,1,19231.05682,19231.05682,19231.05682
Arbitrum,15-12-22,Nitroshiba,1,1,5020065.589,5020065.589,5020065.589
Arbitrum,15-12-22,Others,10268,2300,2.21946E+11,21615351.05,1705.922086
Arbitrum,15-12-22,Rage Trade,66,52,19989219.56,302866.9631,74.72741327
Arbitrum,15-12-22,Sumswap,9,6,1525.028607,169.4476229,106.6648364
Arbitrum,15-12-22,SushiSwap,27541,10773,2.2553E+11,8188867.355,5.128281818
Arbitrum,15-12-22,Uniswap,27242,13400,1.36242E+11,5001172.446,0.128552236
Avalanche,15-12-22,1inch Network,1406,324,3615693.721,2571.617156,502.3916535
Avalanche,15-12-22,Alpha Nodes,28,18,1874741.074,66955.03836,89216.8238
Avalanche,15-12-22,Beefy Finance,24,18,3567.739335,148.6558056,29.40721312
Avalanche,15-12-22,Cycle Finance,1,1,5.39537858,5.39537858,5.39537858
Avalanche,15-12-22,Etherstones,1,1,1.03E-10,1.03E-10,1.03E-10
Avalanche,15-12-22,GMX,63,48,264608.4615,4200.13431,140.9661546
Avalanche,15-12-22,Grape Finance,5,5,11.07348757,2.214697514,0.658997112
Avalanche,15-12-22,Hakuswap,4,3,99.20942394,24.80235599,23.67049253
Avalanche,15-12-22,Ihelp Protocol,1,1,2.28412E-05,2.28412E-05,2.28412E-05
Avalanche,15-12-22,Lydia Finance,35,8,839.4020169,23.98291477,4.321589154
Avalanche,15-12-22,Others,2660,548,1610806.041,605.5661807,192.6335084
Avalanche,15-12-22,Pangolin,1457,316,341801.4116,234.5925954,66.40655589
Avalanche,15-12-22,Partyswap,1,1,2.02156195,2.02156195,2.02156195
Avalanche,15-12-22,SushiSwap,5847,2121,3181191.389,544.0724114,60.93984357
Avalanche,15-12-22,Trader Joe,8301,4445,1160234.244,139.7704185,6.26677387
Avalanche,15-12-22,YakSwap,132,54,270819.0628,2051.659566,500.9280136
Avalanche,15-12-22,Yetiswap,47,3,313.1689855,6.663169904,3.856720628
Avalanche,15-12-22,Yieldwolf,2,1,0.189110361,0.094555181,0.094555181
BSC,15-12-22,Biswap,2239,1205,1011245.883,451.6506845,52.92296328
BSC,15-12-22,Bodatoken,1,1,0.548679446,0.548679446,0.548679446
BSC,15-12-22,Brewlabs,2,2,0.125154426,0.062577213,0.062577213
BSC,15-12-22,Cake Monster,2,2,355.6754211,177.8377106,177.8377106
BSC,15-12-22,Catcoin,3,3,70.23269288,23.41089763,1.260631648
BSC,15-12-22,Cerberus,1,1,7.19E-10,7.19E-10,7.19E-10
BSC,15-12-22,Corsac V2,1,1,5.37919E-05,5.37919E-05,5.37919E-05
BSC,15-12-22,Crypter,1,1,1.032265342,1.032265342,1.032265342
BSC,15-12-22,Crypto Chip Token,1,1,0.285751658,0.285751658,0.285751658
BSC,15-12-22,Devolution Metaverse,1,1,14.41887484,14.41887484,14.41887484
BSC,15-12-22,Do Token,1,1,880.8569052,880.8569052,880.8569052
BSC,15-12-22,Doge Floki,1,1,7.013443618,7.013443618,7.013443618
BSC,15-12-22,Dogeking,2,2,80.93309076,40.46654538,40.46654538
BSC,15-12-22,Earnbusd,1,1,24.53958289,24.53958289,24.53958289
BSC,15-12-22,Ecoin Finance,1,1,2.262216108,2.262216108,2.262216108
BSC,15-12-22,Eroverse,19,19,4.540705724,0.238984512,0.209055084
BSC,15-12-22,Everearn,3,2,792.823818,264.274606,263.7499841
BSC,15-12-22,Evereth,2,2,0.443813928,0.221906964,0.221906964
BSC,15-12-22,Evergrow,1,1,1.45939872,1.45939872,1.45939872
BSC,15-12-22,Eversafu,1,1,1.209578521,1.209578521,1.209578521
BSC,15-12-22,FatSwap,398,254,21984.6333,55.23777212,15.3063747
BSC,15-12-22,Floki Rocket,1,1,0.040317977,0.040317977,0.040317977
BSC,15-12-22,Floki Shiba,1,1,1.938537888,1.938537888,1.938537888
BSC,15-12-22,Futura Finance,1,1,3.860051912,3.860051912,3.860051912
BSC,15-12-22,Grimacecoin,1,1,3.24307676,3.24307676,3.24307676
BSC,15-12-22,Hamster,12,12,0.252378174,0.021031514,0.013246314
BSC,15-12-22,Hodl,9,9,39.20145537,4.355717264,3.486419643
BSC,15-12-22,Kaiken Shiba,1,1,0.001694086,0.001694086,0.001694086
BSC,15-12-22,Lil Floki,1,1,0.008576961,0.008576961,0.008576961
BSC,15-12-22,Loop Network,10,7,486.4193438,48.64193438,25.36986426
BSC,15-12-22,Luckyblock,1,1,25.25738101,25.25738101,25.25738101
BSC,15-12-22,MDEX,4,3,195.8053212,48.95133031,43.87753409
BSC,15-12-22,Meta Tigr,2,2,54.05857287,27.02928644,27.02928644
BSC,15-12-22,Metacash,1,1,0.387810355,0.387810355,0.387810355
BSC,15-12-22,Metallurgy,1,1,0.643941598,0.643941598,0.643941598
BSC,15-12-22,Metapets,4,4,0.064514986,0.016128747,0.016119907
BSC,15-12-22,Nomiswap,1482,765,3584686.427,2418.816753,150.0269771
BSC,15-12-22,Orion,6244,27,6754900.556,1081.822639,465.9656656
BSC,15-12-22,Others,52493,23485,20456561.72,389.7007548,49.88226549
BSC,15-12-22,PancakeSwap,41171,12149,113551027.7,2758.034241,149.0476527
BSC,15-12-22,Phoenixco,2,2,0.225134525,0.112567263,0.112567263
BSC,15-12-22,Pige Inu,1,1,0.938298454,0.938298454,0.938298454
BSC,15-12-22,Pumpeth,1,1,0.770191404,0.770191404,0.770191404
BSC,15-12-22,Restore Truth,1,1,6.470765111,6.470765111,6.470765111
BSC,15-12-22,Rewardeum,1,1,0.190929059,0.190929059,0.190929059
BSC,15-12-22,Safehaven Defi,1,1,1.132184297,1.132184297,1.132184297
BSC,15-12-22,Safemoon,11,10,930.3901444,84.58092221,84.45574322
BSC,15-12-22,Safuu,77,49,66693.5328,866.1497767,69.52672415
BSC,15-12-22,Sanji Inu,2,2,1.989681462,0.994840731,0.994840731
BSC,15-12-22,Santa Floki,1,1,450.5495075,450.5495075,450.5495075
BSC,15-12-22,Scrooge Coin,1,1,0.25877419,0.25877419,0.25877419
BSC,15-12-22,Shield Network,1,1,0.106892429,0.106892429,0.106892429
BSC,15-12-22,Standard In Gold,1,1,0.623515488,0.623515488,0.623515488
BSC,15-12-22,SushiSwap,433594,158001,87163794.36,201.0262927,28.56757875
BSC,15-12-22,Tarp,1,1,667.5607226,667.5607226,667.5607226
BSC,15-12-22,Ten Wallet,1,1,7.805701024,7.805701024,7.805701024
BSC,15-12-22,Transhuman Coin,2,2,2.266359173,1.133179586,1.133179586
BSC,15-12-22,Tripcandy,1,1,42.6909684,42.6909684,42.6909684
BSC,15-12-22,True Bnb,1,1,1.24044308,1.24044308,1.24044308
BSC,15-12-22,Uland,1,1,0.074944456,0.074944456,0.074944456
BSC,15-12-22,Utopia,1,1,0.044978921,0.044978921,0.044978921
BSC,15-12-22,Volt Inu,2,2,5.92626047,2.963130235,2.963130235
BSC,15-12-22,W3Swap,617,305,374378.4857,606.772262,222.4666449
BSC,15-12-22,Waifer,1,1,3.365333421,3.365333421,3.365333421
BSC,15-12-22,Walk With Step,2,1,299.0044996,149.5022498,149.5022498
BSC,15-12-22,Wallstreet Finance,1,1,2.460960212,2.460960212,2.460960212
BSC,15-12-22,Wana Moon,1,1,2.41461E-05,2.41461E-05,2.41461E-05
BSC,15-12-22,Y-5 Finance,4,4,0.036290272,0.009072568,0.009063279
BSC,15-12-22,Zombie Inu,3,3,7.669600017,2.556533339,0.21838834
BSC,15-12-22,Zooswap,1332,627,190834.0227,143.2687858,125.6140986
BSC,15-12-22,Zuna,1,1,31.37938119,31.37938119,31.37938119
Ethereum,15-12-22,Balancer,1123,505,98524970.22,68946.79512,2402.45
Ethereum,15-12-22,Curve,1491,165,144609480.1,82398.56418,6307.04
Ethereum,15-12-22,SushiSwap,4540,140,8066543.686,1605.921498,396.8367591
Ethereum,15-12-22,Uniswap,48195,241,696723411.5,11415.7067,502.1412591
Ethereum,15-12-22,synthetix,24,19,1946184.398,81091.0166,64859.46853
Flow,15-12-22,BltUsdtSwapPair,29,23,11599.218,399.9730343,17.73060707
Flow,15-12-22,FlowSwapPair,185,106,73047.80277,374.6041168,91.58050726
Flow,15-12-22,FusdUsdtSwapPair,103,73,16963.14158,164.6906949,35.11103885
Flow,15-12-22,RevvFlowSwapPair,1,1,15.4217166,15.4217166,15.4217166
Flow,15-12-22,StarlyUsdtSwapPair,101,4,8326.861191,82.44417021,72.60328704
Flow,15-12-22,SwapPair,38,9,8610.162614,141.1502068,1.001000334
Flow,15-12-22,UsdcUsdtSwapPair,58,34,25940.37998,381.4761761,106.7311442
Gnosis,15-12-22,Elk,5,4,473.7198019,94.74396038,60.8431515
Gnosis,15-12-22,Others,121,24,18129.255,149.8285537,74.52140476
Gnosis,15-12-22,SushiSwap,1916,339,92904.51947,48.48878887,1.329939227
Gnosis,15-12-22,Uniswap,483,75,5421.98754,11.22564708,2.200495401
NEAR,15-12-22,Jumbo,5,1,97.01795466,19.40359093,9.502400857
NEAR,15-12-22,Others,944,215,579556.7109,508.8294213,18.04002185
NEAR,15-12-22,Ref Finance,415,46,2566331.809,4983.16856,544.9027128
Optimism,15-12-22,Balancer,32,28,59512.67027,1859.770946,66.47254732
Optimism,15-12-22,Beefy Finance,26,24,47.63895603,1.832267539,0.033657927
Optimism,15-12-22,Biconomy,1,1,461.0669939,461.0669939,461.0669939
Optimism,15-12-22,Elk Finance,3,3,3.018205185,1.006068395,0.804503548
Optimism,15-12-22,Gnosis Safe,35,27,254.3719874,7.267771069,1.499078141
Optimism,15-12-22,Homora V2,24,17,2154.913131,89.78804712,5.51977E-05
Optimism,15-12-22,Kyberswap,52,2,65423.29949,1258.140375,1257.055125
Optimism,15-12-22,Others,2204,348,2716809.909,1232.672372,386.3720833
Optimism,15-12-22,Overnight,27,5,46148.19128,1709.19227,642.0712345
Optimism,15-12-22,ParaSwap,10,6,11550.4706,1155.04706,20.98929164
Optimism,15-12-22,Perpetual Protocol,12,1,5.461109421,0.455092452,0.455092452
Optimism,15-12-22,Reaper Farm,2,1,9291.364829,4645.682414,4645.682414
Optimism,15-12-22,Rubicon,451,6,32121.26064,71.22230741,22.08633402
Optimism,15-12-22,Set Protocol,1,1,50.56309394,50.56309394,50.56309394
Optimism,15-12-22,SushiSwap,3872,1821,2860321.309,738.7193463,62.97559837
Optimism,15-12-22,Thales,5,1,1501.171578,300.2343157,300.0327384
Optimism,15-12-22,Uniswap,24725,11318,4182312.039,169.1531664,31.92913796
Optimism,15-12-22,Velodrome,16313,4266,27900850.9,1710.344566,0.18909373
Optimism,15-12-22,Zipswap,29,22,583.5684205,20.12304898,12.61957085
Osmosis,15-12-22,Osmosis,12693,4069,3334333.387,262.5045967,12.82139957
Polygon,15-12-22,Apeswap,204,63,13868.94682,67.98503342,29.59512365
Polygon,15-12-22,Cafeswap,3,2,5.514837605,1.838279202,2.006449061
Polygon,15-12-22,Dfyn Network,190,58,56636.49197,298.0867999,64.00803637
Polygon,15-12-22,Farmhero,1,1,3.904357253,3.904357253,3.904357253
Polygon,15-12-22,Kyberswap,551,3,272495.509,494.5472032,279.8518122
Polygon,15-12-22,Others,8905,1260,11334989.63,1272.87924,13.31528654
Polygon,15-12-22,Polycat,4,2,13.95586964,3.488967411,3.471935289
Polygon,15-12-22,Quickswap,6771,1283,781120.0526,115.3625835,28.22897045
Polygon,15-12-22,SushiSwap,53083,21409,21731861.64,409.3939988,5.867612482
Polygon,15-12-22,Uniswap,9211,4328,8243713.078,894.9856778,29.32789473
Solana,15-12-22,Jupiter,119573,4529,9598471.808,80.27290281,3.006198594
Solana,15-12-22,Orca,2170,407,572131.6727,263.6551487,4.897664173
Solana,15-12-22,Raydium,3354,1015,873497.0251,260.4344142,21.21574212
Solana,15-12-22,Saber,127,21,1158404.148,9121.292502,44.64060149
THORChain,15-12-22,THORChain,13601,429,15492697.54,773.8610158,434.2750584
Algorand,16-12-22,Algofi,4170,94,200630.0378,44.19163828,7.122395982
Algorand,16-12-22,FXDX,43,14,11525.34888,268.0313694,42.87780784
Algorand,16-12-22,Humble,256,40,93605.42456,365.6461897,394.4718551
Algorand,16-12-22,Pact,3688,141,1498113.489,372.2946046,6.763841575
Algorand,16-12-22,Tinyman,18287,1143,2069620.211,113.1743977,4.659610435
Arbitrum,16-12-22,1inch Network,3747,1221,6042525.54,1612.630248,481.5981605
Arbitrum,16-12-22,Camelot,367,155,128788.3636,350.9219716,37.94776646
Arbitrum,16-12-22,Fraxswap,59,10,21424.34981,363.1245731,234.0916275
Arbitrum,16-12-22,GMX,1530,732,1665378.978,1088.482992,36.71563
Arbitrum,16-12-22,Layer2dao,1,1,29756.7047,29756.7047,29756.7047
Arbitrum,16-12-22,Others,13579,2187,20293933.93,1494.508722,487.8148312
Arbitrum,16-12-22,Rage Trade,101,83,4693.719568,46.47247097,8.230589168
Arbitrum,16-12-22,Sumswap,23,6,2348.294346,102.0997542,84.18373759
Arbitrum,16-12-22,SushiSwap,30189,10002,25399743.61,841.3575676,12.63635692
Arbitrum,16-12-22,Uniswap,27866,8821,31377769.58,1126.023454,0.195125933
Avalanche,16-12-22,1inch Network,1744,355,2883335.625,1653.288776,507.259254
Avalanche,16-12-22,Alpha Nodes,28,17,1626575.434,58091.97979,85225.16292
Avalanche,16-12-22,Beefy Finance,34,23,11746.09761,345.473459,38.35143381
Avalanche,16-12-22,Cycle Finance,1,1,5.054522801,5.054522801,5.054522801
Avalanche,16-12-22,GMX,75,48,593869.123,7918.254973,244.3363045
Avalanche,16-12-22,Grape Finance,5,5,0.169178544,0.033835709,0.007583668
Avalanche,16-12-22,Hakuswap,4,4,74.72145301,18.68036325,17.47999222
Avalanche,16-12-22,Ihelp Protocol,1,1,2.27709E-05,2.27709E-05,2.27709E-05
Avalanche,16-12-22,Lydia Finance,31,9,318.2657315,10.2666365,4.274903497
Avalanche,16-12-22,Others,5166,530,2345304.693,453.9885198,167.6512012
Avalanche,16-12-22,Pangolin,1591,302,473914.107,297.871846,105.9802296
Avalanche,16-12-22,SushiSwap,7355,1920,2498600.497,339.7145475,65.22058006
Avalanche,16-12-22,Trader Joe,6894,3015,1542782.821,223.78631,25.38048431
Avalanche,16-12-22,YakSwap,226,60,346328.7191,1532.427961,486.7689137
Avalanche,16-12-22,Yetiswap,23,3,129.2065405,5.617675674,4.247874227
Avalanche,16-12-22,Yieldwolf,2,1,2.825573184,1.412786592,1.412786592
BSC,16-12-22,Biswap,2865,1316,1626354.103,567.6628633,97.29123745
BSC,16-12-22,Bnbback,1,1,68.73117734,68.73117734,68.73117734
BSC,16-12-22,Bodatoken,2,1,1.259258401,0.629629201,0.629629201
BSC,16-12-22,Bogged Finance,1,1,47.42674765,47.42674765,47.42674765
BSC,16-12-22,Brewlabs,2,2,0.134202103,0.067101052,0.067101052
BSC,16-12-22,Busd Buffet,1,1,0.381622787,0.381622787,0.381622787
BSC,16-12-22,Cake Monster,6,5,371.2239596,61.87065994,0.84928242
BSC,16-12-22,Catcoin,3,3,21.98835417,7.329451389,0.632320398
BSC,16-12-22,Corsac,1,1,0.165388379,0.165388379,0.165388379
BSC,16-12-22,Crusaders Of Crypto,1,1,0.203052844,0.203052844,0.203052844
BSC,16-12-22,Crypto Chip Token,2,2,0.747693891,0.373846945,0.373846945
BSC,16-12-22,Divewallet,1,1,358.7122249,358.7122249,358.7122249
BSC,16-12-22,Doge Floki,2,1,13.29333959,6.646669796,6.646669796
BSC,16-12-22,Dogeking,4,4,171.0742007,42.76855018,17.30438355
BSC,16-12-22,Dyor,1,1,6.202317889,6.202317889,6.202317889
BSC,16-12-22,Earnbusd,1,1,21.84456795,21.84456795,21.84456795
BSC,16-12-22,Ecoin Finance,1,1,1.159203997,1.159203997,1.159203997
BSC,16-12-22,Empire,1,1,10.80127334,10.80127334,10.80127334
BSC,16-12-22,Eroverse,1,1,0.360502154,0.360502154,0.360502154
BSC,16-12-22,Evereth,1,1,0.978943417,0.978943417,0.978943417
BSC,16-12-22,Exzocoin,1,1,0.727595498,0.727595498,0.727595498
BSC,16-12-22,FatSwap,384,243,38346.12755,99.85970717,25.73246476
BSC,16-12-22,Floki Shiba,1,1,1.810197874,1.810197874,1.810197874
BSC,16-12-22,Floki Verse,1,1,3.60E-11,3.60E-11,3.60E-11
BSC,16-12-22,Flokimooni,1,1,0.734597426,0.734597426,0.734597426
BSC,16-12-22,Futura Finance,2,1,7.235296819,3.617648409,3.617648409
BSC,16-12-22,Hamster,12,12,4.090126046,0.340843837,0.263767718
BSC,16-12-22,Hodl,17,17,118.76006,6.985885881,5.201152238
BSC,16-12-22,Kaiken Shiba,3,2,0.004426281,0.001475427,0.00147524
BSC,16-12-22,Libero,1,1,46.46604371,46.46604371,46.46604371
BSC,16-12-22,Loop Network,9,7,358.0918048,39.78797831,37.49769709
BSC,16-12-22,Luckyblock,7,6,35.01198071,5.00171153,0.665683246
BSC,16-12-22,MDEX,1,1,4.327464424,4.327464424,4.327464424
BSC,16-12-22,Metacash,1,1,0.534662571,0.534662571,0.534662571
BSC,16-12-22,Metapets,4,3,0.060379837,0.015094959,0.015093062
BSC,16-12-22,Movey,1,1,0.300395523,0.300395523,0.300395523
BSC,16-12-22,Nelore Coin,1,1,44.37008397,44.37008397,44.37008397
BSC,16-12-22,Nomiswap,1799,906,9729266.074,5408.152348,244.7159135
BSC,16-12-22,Orion,11246,27,13212433.54,1174.856263,438.0245607
BSC,16-12-22,Others,60175,20771,41408608.07,688.1364033,63.72863271
BSC,16-12-22,PancakeSwap,61156,10397,118690999.8,1940.790762,238.3046866
BSC,16-12-22,Pige Inu,2,2,2.234083404,1.117041702,1.117041702
BSC,16-12-22,Reflex Finance,1,1,723.7283888,723.7283888,723.7283888
BSC,16-12-22,Reward Hunters Token,1,1,2.048662808,2.048662808,2.048662808
BSC,16-12-22,Riseupv2,1,1,25.8392773,25.8392773,25.8392773
BSC,16-12-22,Safemoon,30,25,2230.475824,74.34919414,70.82926568
BSC,16-12-22,Safenebula,1,1,0.030917594,0.030917594,0.030917594
BSC,16-12-22,Safermoon,1,1,4.57950609,4.57950609,4.57950609
BSC,16-12-22,Safuu,27,20,12627.96017,467.7022286,16.57412723
BSC,16-12-22,Sanji Inu,1,1,98.9894896,98.9894896,98.9894896
BSC,16-12-22,Saylor Moon,1,1,51.57516025,51.57516025,51.57516025
BSC,16-12-22,Shiba General,1,1,0.223655077,0.223655077,0.223655077
BSC,16-12-22,Simba Inu,1,1,0.00080499,0.00080499,0.00080499
BSC,16-12-22,Steam Exchange,1,1,6.017117869,6.017117869,6.017117869
BSC,16-12-22,SushiSwap,439428,141365,105782478.5,240.7276699,33.9308255
BSC,16-12-22,Titano,1,1,335.1607615,335.1607615,335.1607615
BSC,16-12-22,Transhuman Coin,2,2,6.959071685,3.479535842,3.479535842
BSC,16-12-22,Urutoken,2,2,1.08E-09,5.41E-10,5.41E-10
BSC,16-12-22,Volt Inu,2,2,0.983874874,0.491937437,0.491937437
BSC,16-12-22,W3Swap,511,294,350295.7596,685.5102929,212.3477747
BSC,16-12-22,Walk With Step,1,1,149.6498256,149.6498256,149.6498256
BSC,16-12-22,Y-5 Finance,5,5,0.678070839,0.135614168,0.026543689
BSC,16-12-22,Yieldzilla,1,1,0.74026407,0.74026407,0.74026407
BSC,16-12-22,Zombie Inu,4,4,2.857820287,0.714455072,0.555387739
BSC,16-12-22,Zooswap,1270,598,181050.0786,142.559117,180.1635571
Ethereum,16-12-22,Balancer,1592,672,90672216.85,44360.18437,2939.735
Ethereum,16-12-22,Curve,1734,178,120355199.2,58997.64668,6996.465
Ethereum,16-12-22,SushiSwap,6562,153,14811158.4,2025.873123,606.0546586
Ethereum,16-12-22,Uniswap,61667,267,1245918332,15728.11468,666.05
Ethereum,16-12-22,synthetix,26,22,2546307.465,97934.9025,84412.69281
Flow,16-12-22,BltUsdtSwapPair,35,17,20960.46633,598.8704666,182.2581887
Flow,16-12-22,FlowSwapPair,266,100,103642.3972,379.6424807,142.5613323
Flow,16-12-22,FusdUsdtSwapPair,105,52,9471.981709,90.20934961,6.00601386
Flow,16-12-22,RevvFlowSwapPair,1,1,8.033072799,8.033072799,8.033072799
Flow,16-12-22,StarlyUsdtSwapPair,112,8,8119.146163,72.49237646,61.84701349
Flow,16-12-22,SwapPair,101,14,21668.36809,162.9200608,1.072373137
Flow,16-12-22,UsdcUsdtSwapPair,97,43,14143.19969,135.9923047,29.57975124
Gnosis,16-12-22,Elk,11,8,547.7056015,49.79141832,5.311846534
Gnosis,16-12-22,Others,241,33,43971.79834,182.4555948,120.787947
Gnosis,16-12-22,SushiSwap,3010,383,186075.2768,61.81902883,1.252164603
Gnosis,16-12-22,Uniswap,1339,77,15029.46262,11.22439329,0.992964136
NEAR,16-12-22,Jumbo,88,2,20203.82369,222.0200406,18.07380622
NEAR,16-12-22,Others,1558,246,1141744.746,614.8329272,46.66147573
NEAR,16-12-22,Ref Finance,962,39,2957544.018,2273.285179,86.99913739
Optimism,16-12-22,Balancer,60,40,253946.9608,4232.449347,58.0186358
Optimism,16-12-22,Beefy Finance,31,28,36.9371002,1.191519361,0.066859837
Optimism,16-12-22,Brahma,2,1,834.6442724,417.3221362,417.3221362
Optimism,16-12-22,Defi Saver,1,1,38.24252234,38.24252234,38.24252234
Optimism,16-12-22,Dhedge,4,1,159.2210205,39.80525513,42.96900489
Optimism,16-12-22,Elk Finance,13,4,140.8508707,10.83468236,0.091677513
Optimism,16-12-22,Frax Finance,3,2,1.947687384,0.649229128,0.373872083
Optimism,16-12-22,Gnosis Safe,81,34,890.3547076,10.99203343,1.037025708
Optimism,16-12-22,Homora V2,34,19,26647.59654,783.7528393,6.85456E-05
Optimism,16-12-22,Kyberswap,92,1,107814.9725,1171.901875,1203.568125
Optimism,16-12-22,Others,3844,312,7821067.817,2034.617018,1193.544974
Optimism,16-12-22,Overnight,103,7,133601.9391,1297.106205,884.24947
Optimism,16-12-22,ParaSwap,30,28,2697.642169,89.92140563,0.09998605
Optimism,16-12-22,Perpetual Protocol,62,3,4215.280544,67.98839587,1.068854424
Optimism,16-12-22,Reaper Farm,2,2,123.3551337,61.67756686,61.67756686
Optimism,16-12-22,Rubicon,749,6,91377.27188,121.9990279,22.90393586
Optimism,16-12-22,SushiSwap,3993,1653,4742410.095,1187.680966,100.3509639
Optimism,16-12-22,Thales,5,1,1503.448329,300.6896658,305.0016394
Optimism,16-12-22,Uniswap,21634,10313,5341374.335,246.8972144,35.03176928
Optimism,16-12-22,Velodrome,21977,3618,59329997.51,2699.64042,0.970581583
Optimism,16-12-22,Zipswap,12,11,1131.596922,94.29974352,18.2507863
Osmosis,16-12-22,Osmosis,18219,4460,6219707.789,341.3483227,28.16832496
Polygon,16-12-22,Apeswap,352,45,60432.1558,171.6822608,75.97803295
Polygon,16-12-22,Cafeswap,4,3,4.398646329,1.099661582,1.130424944
Polygon,16-12-22,Dfyn Network,205,57,78640.25814,383.6110153,95.27235435
Polygon,16-12-22,Kyberswap,830,3,418058.2329,503.684618,303.8436673
Polygon,16-12-22,Others,12410,1407,27871043.72,2245.853644,252.9044698
Polygon,16-12-22,Polycat,5,2,13.63236257,2.726472515,0.000721122
Polygon,16-12-22,Quickswap,7553,1515,1253212.9,165.9225341,34.06280046
Polygon,16-12-22,SushiSwap,68837,23072,38938887.39,565.6679894,12.94133378
Polygon,16-12-22,Uniswap,11145,4332,15464510.54,1387.573849,101.3636985
Solana,16-12-22,Jupiter,143423,5472,17239945.47,120.2034923,3.417627462
Solana,16-12-22,Orca,2912,522,555925.0494,190.9083274,10.59257519
Solana,16-12-22,Raydium,3914,1130,519853.2414,132.8189171,18.30131147
Solana,16-12-22,Saber,247,22,4459253.523,18053.65799,60.02318393
THORChain,16-12-22,THORChain,21809,454,27174595.12,779.132838,427.0120258
Algorand,17-12-22,Algofi,2084,97,69519.10291,30.00392875,4.31379229
Algorand,17-12-22,FXDX,11,4,28894.87407,2626.806733,315.1249116
Algorand,17-12-22,Humble,227,37,68577.66832,302.1042657,285.2785418
Algorand,17-12-22,Pact,1969,99,237084.1534,110.1180462,6.724288832
Algorand,17-12-22,Tinyman,12600,1065,1147121.063,91.04135418,2.796897893
Arbitrum,17-12-22,1inch Network,2967,1186,3651496.954,1230.703389,200.3174781
Arbitrum,17-12-22,Camelot,437,200,67253.56782,153.8983245,27.03188272
Arbitrum,17-12-22,Fraxswap,36,8,7747.663702,215.2128806,229.4973707
Arbitrum,17-12-22,GMX,1461,649,501515.6396,343.2687472,26.50289338
Arbitrum,17-12-22,Others,8298,1818,8061776.593,971.5324889,237.1000435
Arbitrum,17-12-22,Rage Trade,63,55,2783.068393,44.17568878,9.98116801
Arbitrum,17-12-22,Sumswap,26,8,1860.269217,71.54881604,49.89383096
Arbitrum,17-12-22,SushiSwap,25581,10594,11417445.94,446.3252392,2.745435345
Arbitrum,17-12-22,Uniswap,22020,8548,16718167.92,759.2265175,0.707020114
Avalanche,17-12-22,1inch Network,1320,344,2956813.196,2240.009997,499.6992301
Avalanche,17-12-22,Alpha Nodes,24,11,1255353.598,52306.3999,82844.87059
Avalanche,17-12-22,Beefy Finance,29,25,2593.967112,89.44714178,12.47883687
Avalanche,17-12-22,GMX,55,39,82367.78057,1497.59601,198.8581078
Avalanche,17-12-22,Grape Finance,6,6,32.88454132,5.480756887,2.794415923
Avalanche,17-12-22,Hakuswap,9,8,246.0351176,27.33723529,3.889407811
Avalanche,17-12-22,Ihelp Protocol,1,1,2.31518E-05,2.31518E-05,2.31518E-05
Avalanche,17-12-22,Lydia Finance,23,4,428.9693178,18.6508399,4.495371898
Avalanche,17-12-22,Others,2248,566,3797841.946,1689.43147,160.7709311
Avalanche,17-12-22,Pangolin,1277,288,275946.0836,216.0893372,61.38671752
Avalanche,17-12-22,Radar,2,1,449.6412508,224.8206254,224.8206254
Avalanche,17-12-22,SushiSwap,6324,2156,1281485.878,202.6385006,40.47912762
Avalanche,17-12-22,Trader Joe,6358,2739,1090598.969,171.5317661,24.71514415
Avalanche,17-12-22,YakSwap,85,49,157612.757,1854.267729,72.72211015
Avalanche,17-12-22,Yetiswap,45,5,151.5742494,3.368316654,3.076831031
Avalanche,17-12-22,Yieldwolf,3,3,3.110170077,1.036723359,1.115660662
BSC,17-12-22,Biswap,2437,1314,1278321.048,524.5470037,50.03842274
BSC,17-12-22,Bodatoken,1,1,0.029375693,0.029375693,0.029375693
BSC,17-12-22,Brewlabs,1,1,0.012692747,0.012692747,0.012692747
BSC,17-12-22,Bridge$,1,1,0.000176858,0.000176858,0.000176858
BSC,17-12-22,Bullish Af,1,1,0.002691669,0.002691669,0.002691669
BSC,17-12-22,Caash,1,1,1.066850693,1.066850693,1.066850693
BSC,17-12-22,Cake Monster,5,5,739.1764744,147.8352949,12.06840663
BSC,17-12-22,Catcoin,6,5,48.31853283,8.053088804,7.011694778
BSC,17-12-22,Cryogen,1,1,0.06813184,0.06813184,0.06813184
BSC,17-12-22,Crypter,1,1,0.060092267,0.060092267,0.060092267
BSC,17-12-22,Doge Floki,3,3,16.90335995,5.634453316,5.658575836
BSC,17-12-22,Dogeking,1,1,16.44804202,16.44804202,16.44804202
BSC,17-12-22,Early Bird,1,1,1.532935486,1.532935486,1.532935486
BSC,17-12-22,Earnbusd,1,1,0.169892469,0.169892469,0.169892469
BSC,17-12-22,Elonbank,1,1,0.171144211,0.171144211,0.171144211
BSC,17-12-22,Empire,4,3,40.1070204,10.0267551,10.02798768
BSC,17-12-22,Eroverse,3,3,1.20772381,0.402574603,0.339085302
BSC,17-12-22,Eth Fan,1,1,0.00015021,0.00015021,0.00015021
BSC,17-12-22,Ethernal Finance,1,1,133.9876595,133.9876595,133.9876595
BSC,17-12-22,Evereth,3,3,7.2936317,2.431210567,2.508185646
BSC,17-12-22,Evergrow,2,2,1.271175796,0.635587898,0.635587898
BSC,17-12-22,FatSwap,401,265,44185.42876,110.1881017,22.67975187
BSC,17-12-22,Flokimooni,3,2,20.57388934,6.857963114,7.077632325
BSC,17-12-22,Fomoeth,1,1,1.18E-15,1.18E-15,1.18E-15
BSC,17-12-22,French Connection Finance,1,1,20.15641064,20.15641064,20.15641064
BSC,17-12-22,Futura Finance,2,1,6.912902026,3.456451013,3.456451013
BSC,17-12-22,Go Bnb,1,1,15.37732668,15.37732668,15.37732668
BSC,17-12-22,Grimacecoin,1,1,5.091429598,5.091429598,5.091429598
BSC,17-12-22,Hamster,3,3,0.098574497,0.032858166,0.03451292
BSC,17-12-22,Hodl,9,9,54.33813595,6.037570662,6.000488628
BSC,17-12-22,Librium Tech,2,1,1.718694542,0.859347271,0.859347271
BSC,17-12-22,Lil Floki,1,1,0.001920808,0.001920808,0.001920808
BSC,17-12-22,Loop Network,8,6,272.9865425,34.12331781,39.23346111
BSC,17-12-22,Luckyblock,1,1,3.157825762,3.157825762,3.157825762
BSC,17-12-22,MDEX,3,3,22.62024714,7.540082379,7.338135995
BSC,17-12-22,Maneki Inu,1,1,19.58260806,19.58260806,19.58260806
BSC,17-12-22,Meta Face,1,1,252.1076921,252.1076921,252.1076921
BSC,17-12-22,Metabusdcoin,1,1,1.467614497,1.467614497,1.467614497
BSC,17-12-22,Metacash,2,2,0.213849876,0.106924938,0.106924938
BSC,17-12-22,Metanet,1,1,2.945565232,2.945565232,2.945565232
BSC,17-12-22,Metapets,6,5,0.084863104,0.014143851,0.014136279
BSC,17-12-22,Moonlight Token,1,1,177.4300732,177.4300732,177.4300732
BSC,17-12-22,Nelore Coin,4,4,118.1573469,29.53933673,24.90195443
BSC,17-12-22,Nomiswap,1715,856,19424424.13,11326.19483,178.4086897
BSC,17-12-22,Orion,19731,27,22371879.89,1133.844199,408.7833923
BSC,17-12-22,Others,50602,18965,29513223.15,583.2422267,49.77362323
BSC,17-12-22,PancakeSwap,57071,9950,84352223.32,1478.022521,206.9625831
BSC,17-12-22,Pancakepoll,1,1,3.052069891,3.052069891,3.052069891
BSC,17-12-22,Phoenixco,3,2,0.287803626,0.095934542,0.096270559
BSC,17-12-22,Reflex Finance,1,1,10.81034039,10.81034039,10.81034039
BSC,17-12-22,Rewardeum,1,1,0.167139229,0.167139229,0.167139229
BSC,17-12-22,Rougecoin,1,1,6.65357E-06,6.65357E-06,6.65357E-06
BSC,17-12-22,Safemoon,86,48,5896.774232,68.56714223,68.64701938
BSC,17-12-22,Safetesla,1,1,5.662754825,5.662754825,5.662754825
BSC,17-12-22,Safuu,23,11,1401.936792,60.95377359,23.17446382
BSC,17-12-22,Sanji Inu,2,2,46.87580056,23.43790028,23.43790028
BSC,17-12-22,Saylor Moon,1,1,48.61756002,48.61756002,48.61756002
BSC,17-12-22,Shib Army,1,1,3.085848775,3.085848775,3.085848775
BSC,17-12-22,Simba Inu,1,1,0.000121394,0.000121394,0.000121394
BSC,17-12-22,Sparklab,1,1,0.000102369,0.000102369,0.000102369
BSC,17-12-22,Spywolf,1,1,3.480988496,3.480988496,3.480988496
BSC,17-12-22,SushiSwap,376391,131493,90188630.09,239.6142046,35.21014522
BSC,17-12-22,Transhuman Coin,3,1,9.801187156,3.267062385,1.869508215
BSC,17-12-22,Uland,1,1,0.072334189,0.072334189,0.072334189
BSC,17-12-22,Volt Inu,2,1,0.429679556,0.214839778,0.214839778
BSC,17-12-22,W3Swap,507,280,407638.395,804.0205029,287.3236791
BSC,17-12-22,Walk With Step,1,1,172.8008736,172.8008736,172.8008736
BSC,17-12-22,Whenlambo,1,1,0.523691857,0.523691857,0.523691857
BSC,17-12-22,Y-5 Finance,4,4,0.058791507,0.014697877,0.014683036
BSC,17-12-22,Zombie Inu,2,2,0.878465806,0.439232903,0.439232903
BSC,17-12-22,Zooswap,1359,609,208238.9847,153.2295693,178.1155388
Ethereum,17-12-22,Balancer,904,421,84416182.74,68854.96145,2246.295
Ethereum,17-12-22,Curve,1832,150,128878387.4,59638.30978,6971.94
Ethereum,17-12-22,SushiSwap,6089,143,9725000.129,1446.957317,426.0667155
Ethereum,17-12-22,Uniswap,53292,234,672962807.8,10159.46268,488.3992869
Ethereum,17-12-22,synthetix,36,22,2236122.238,62114.5066,39803.22743
Flow,17-12-22,BltUsdtSwapPair,30,16,3773.66805,125.788935,14.8501676
Flow,17-12-22,FlowSwapPair,240,92,97250.76258,398.5686991,138.0441519
Flow,17-12-22,FusdUsdtSwapPair,84,49,5874.794714,69.93803232,8.805921133
Flow,17-12-22,RevvFlowSwapPair,3,3,826.771252,275.5904173,28.12685432
Flow,17-12-22,StarlyUsdtSwapPair,48,7,2854.612899,59.47110207,56.62632036
Flow,17-12-22,SwapPair,102,16,30292.46481,240.4163874,0.636016422
Flow,17-12-22,UsdcUsdtSwapPair,65,35,19168.00025,277.797105,46.33751879
Gnosis,17-12-22,Elk,8,4,263.7119068,32.96398834,4.144168792
Gnosis,17-12-22,Others,148,35,24920.69669,168.3830857,64.88582919
Gnosis,17-12-22,SushiSwap,1161,249,63583.99217,54.76657379,2.060140038
Gnosis,17-12-22,Uniswap,653,71,11549.36421,17.68662207,0.993726126
NEAR,17-12-22,Jumbo,12,2,112.9842334,9.415352784,7.408466736
NEAR,17-12-22,Others,1415,227,865412.5922,480.251161,28.5540011
NEAR,17-12-22,Ref Finance,420,30,1793491.991,3705.561964,620.2811284
Optimism,17-12-22,Balancer,51,43,36796.98531,721.509516,61.93027503
Optimism,17-12-22,Beefy Finance,23,22,31.05551546,1.350239803,0.051639721
Optimism,17-12-22,Dhedge,2,1,7.685774209,3.842887104,3.842887104
Optimism,17-12-22,Elk Finance,2,2,11.0273848,5.513692398,5.513692398
Optimism,17-12-22,Frax Finance,9,7,1.782751529,0.198083503,0.117115653
Optimism,17-12-22,Gnosis Safe,72,25,819.8598758,11.38694272,1.179220061
Optimism,17-12-22,Homora V2,21,10,159019.6196,7572.362836,1.14626E-06
Optimism,17-12-22,Kyberswap,46,2,48571.40663,1055.900144,1154.467875
Optimism,17-12-22,Nuke Vaults,1,1,1.374217322,1.374217322,1.374217322
Optimism,17-12-22,Others,2156,380,3148973.016,1460.562623,462.5374167
Optimism,17-12-22,Overnight,65,8,42684.61921,656.6864495,75.44849266
Optimism,17-12-22,ParaSwap,47,39,6643.436629,141.3497155,0.099976306
Optimism,17-12-22,Perpetual Protocol,21,2,2336.163828,111.2458966,166.3355444
Optimism,17-12-22,Reaper Farm,3,2,150.809614,50.26987135,19.87279931
Optimism,17-12-22,Rubicon,861,6,43432.13282,50.44382441,21.37034645
Optimism,17-12-22,SushiSwap,2409,1158,1723870.142,715.5957416,82.45757475
Optimism,17-12-22,Thales,5,1,1505.206847,301.0413693,300.3087939
Optimism,17-12-22,Uniswap,28192,11445,3711502.341,131.650906,31.78894488
Optimism,17-12-22,Velodrome,17040,3600,40857178,2397.721713,0.54574547
Optimism,17-12-22,Zipswap,29,12,2131.342452,73.4945673,77.33317068
Osmosis,17-12-22,Osmosis,14269,4256,3248204.26,227.5927873,11.531529
Polygon,17-12-22,Apeswap,263,40,26544.94977,100.9313679,43.31010743
Polygon,17-12-22,Cafeswap,3,2,16.21610999,5.405369997,2.115144781
Polygon,17-12-22,Dfyn Network,183,68,31212.06938,170.5577562,35.71383387
Polygon,17-12-22,Kyberswap,1083,3,563687.4701,520.4870454,423.5695822
Polygon,17-12-22,Others,12326,1856,15138300.35,1228.160015,87.15654673
Polygon,17-12-22,Polycat,4,2,13.58156635,3.395391588,3.382775236
Polygon,17-12-22,Quickswap,6934,1355,1091371.183,157.3941712,27.20573953
Polygon,17-12-22,SushiSwap,49651,18562,17088964.62,344.1816805,10.05197377
Polygon,17-12-22,Uniswap,10503,4660,8723158.787,830.5397302,23.56188574
Solana,17-12-22,Jupiter,108869,4494,9135864.836,83.91612705,2.966968492
Solana,17-12-22,Orca,2216,507,716717.709,323.428569,12.51665754
Solana,17-12-22,Raydium,3428,946,288176.3202,84.06543764,22.7677991
Solana,17-12-22,Saber,117,17,815409.1898,6969.309315,67.74324957
THORChain,17-12-22,THORChain,18523,475,19402281.88,634.6214595,400.6963865
Algorand,18-12-22,Algofi,1141,58,43560.75845,35.88200861,5.729544124
Algorand,18-12-22,FXDX,7,3,272.6683145,38.95261636,38.68019355
Algorand,18-12-22,Humble,154,26,41471.50165,269.2954652,374.5463307
Algorand,18-12-22,Pact,1388,79,93675.34321,63.29415082,9.620829799
Algorand,18-12-22,Tinyman,8166,867,513769.9376,62.91574059,2.984039176
Arbitrum,18-12-22,1inch Network,1698,707,3534357.781,2081.482792,95.78074224
Arbitrum,18-12-22,Camelot,252,127,50327.01462,199.7103755,47.44262076
Arbitrum,18-12-22,Fraxswap,26,16,7085.27381,272.5105312,1.171775592
Arbitrum,18-12-22,GMX,1679,652,308245.6718,183.5888456,21.00318739
Arbitrum,18-12-22,Others,6415,1741,6877271.61,1072.061046,70.93449733
Arbitrum,18-12-22,Rage Trade,45,34,1838.051177,40.84558171,10.06998503
Arbitrum,18-12-22,Sumswap,13,7,1288.23444,99.09495696,120.0778973
Arbitrum,18-12-22,SushiSwap,41187,19473,12921581,313.7295991,0.119420491
Arbitrum,18-12-22,Uniswap,24384,10005,12386892.44,507.9926361,0.055952267
Avalanche,18-12-22,1inch Network,851,344,1170156.429,1375.036931,73.55456466
Avalanche,18-12-22,Alpha Nodes,78,42,3939176.586,50502.26393,74468.42217
Avalanche,18-12-22,Beefy Finance,22,20,914.4849138,41.56749608,17.11249718
Avalanche,18-12-22,GMX,50,34,114908.8728,2298.177456,176.8652855
Avalanche,18-12-22,Grape Finance,2,2,32.84968967,16.42484484,16.42484484
Avalanche,18-12-22,Hakuswap,2,2,12.95381023,6.476905113,6.476905113
Avalanche,18-12-22,Ihelp Protocol,1,1,2.08681E-05,2.08681E-05,2.08681E-05
Avalanche,18-12-22,Lydia Finance,29,8,218.5634224,7.536669737,3.97066844
Avalanche,18-12-22,Others,2036,589,998302.1758,490.3252337,146.9435544
Avalanche,18-12-22,Pangolin,998,282,185893.2689,186.2658005,41.17434813
Avalanche,18-12-22,Steakhut,2,1,252.4833063,126.2416531,126.2416531
Avalanche,18-12-22,SushiSwap,4603,2034,1152407.275,250.3600424,23.06018151
Avalanche,18-12-22,Trader Joe,5226,2440,644918.1525,123.4056932,19.17097764
Avalanche,18-12-22,Velox,1,1,0.170949458,0.170949458,0.170949458
Avalanche,18-12-22,YakSwap,72,40,39115.40864,543.2695644,90.59955963
Avalanche,18-12-22,Yetiswap,44,5,173.7031074,3.947797895,3.015921102
Avalanche,18-12-22,Yieldwolf,1,1,0.981086195,0.981086195,0.981086195
BSC,18-12-22,Biswap,1884,1104,881921.1608,468.1110195,38.01888644
BSC,18-12-22,Bodatoken,2,2,5.027097474,2.513548737,2.513548737
BSC,18-12-22,Cake Monster,5,3,10.54096225,2.108192449,1.145112
BSC,18-12-22,Catcoin,1,1,13.75126307,13.75126307,13.75126307
BSC,18-12-22,Clear Water,1,1,5.470961364,5.470961364,5.470961364
BSC,18-12-22,Coinxpad,1,1,0.06942572,0.06942572,0.06942572
BSC,18-12-22,Crypter,1,1,0.197087143,0.197087143,0.197087143
BSC,18-12-22,Doge Floki,4,4,22.45558443,5.613896107,5.300430014
BSC,18-12-22,Dogefood,1,1,0.080188591,0.080188591,0.080188591
BSC,18-12-22,Dogeking,5,5,353.668908,70.73378161,39.16715374
BSC,18-12-22,Ecole,1,1,0.074460839,0.074460839,0.074460839
BSC,18-12-22,Empire,2,2,22.01442733,11.00721367,11.00721367
BSC,18-12-22,Evergrow,1,1,4.828881291,4.828881291,4.828881291
BSC,18-12-22,Eversafu,2,1,15.72124231,7.860621153,7.860621153
BSC,18-12-22,FatSwap,380,256,38891.8753,102.3470403,24.76572845
BSC,18-12-22,Floki Shiba,1,1,1.817034102,1.817034102,1.817034102
BSC,18-12-22,Futura Finance,2,1,7.364399035,3.682199518,3.682199518
BSC,18-12-22,Hamster,3,3,2.205821559,0.735273853,0.591201879
BSC,18-12-22,Hodl,5,5,106.8104279,21.36208559,9.056383536
BSC,18-12-22,Kaiken Shiba,1,1,0.001614684,0.001614684,0.001614684
BSC,18-12-22,Librium Tech,1,1,0.952073458,0.952073458,0.952073458
BSC,18-12-22,Loop Network,13,6,2550.825676,196.2173597,44.55014316
BSC,18-12-22,Luckyblock,3,3,1.576657877,0.525552626,0.48022078
BSC,18-12-22,MDEX,3,2,281.4452963,93.81509878,33.81345949
BSC,18-12-22,Magic Birds Token,3,2,50.55235036,16.85078346,19.59339901
BSC,18-12-22,Metacash,1,1,1.862550344,1.862550344,1.862550344
BSC,18-12-22,Metahamster,1,1,2.031986963,2.031986963,2.031986963
BSC,18-12-22,Metapets,5,4,0.074501972,0.014900394,0.01489601
BSC,18-12-22,Micropets,4,4,26.21683212,6.55420803,6.554309409
BSC,18-12-22,Moongame,1,1,1.264500194,1.264500194,1.264500194
BSC,18-12-22,Nelore Coin,1,1,14.51353304,14.51353304,14.51353304
BSC,18-12-22,Niob Finance,1,1,98.46231529,98.46231529,98.46231529
BSC,18-12-22,Nomiswap,1056,603,2397095.973,2269.977248,114.2800395
BSC,18-12-22,Orion,9980,27,12003872.46,1202.792832,412.5549617
BSC,18-12-22,Others,43234,15916,17007603.39,393.3849144,35.8697486
BSC,18-12-22,PancakeSwap,38891,8216,28571526.38,734.6565112,156.900848
BSC,18-12-22,Plush,1,1,0.242887962,0.242887962,0.242887962
BSC,18-12-22,Safemoon,22,18,17891.93187,813.2696306,73.3310858
BSC,18-12-22,Safuu,20,15,608.1764545,30.40882273,11.10189991
BSC,18-12-22,Sanji Inu,1,1,0.615513789,0.615513789,0.615513789
BSC,18-12-22,Shibarmyzilla,1,1,5.206204269,5.206204269,5.206204269
BSC,18-12-22,Simba Inu,1,1,0.007707588,0.007707588,0.007707588
BSC,18-12-22,Steam Exchange,1,1,5.817320458,5.817320458,5.817320458
BSC,18-12-22,SushiSwap,349843,114879,67403199.61,192.6669952,32.15246966
BSC,18-12-22,Ten Wallet,1,1,9.486833316,9.486833316,9.486833316
BSC,18-12-22,W3Swap,257,161,118154.7606,459.7461502,173.6908355
BSC,18-12-22,X-Mine,1,1,6.347682538,6.347682538,6.347682538
BSC,18-12-22,Y-5 Finance,4,4,0.075054085,0.018763521,0.018865267
BSC,18-12-22,Zombie Inu,5,5,60.82943221,12.16588644,0.178997412
BSC,18-12-22,Zooswap,1288,599,188041.7462,145.9951445,180.803732
Ethereum,18-12-22,Balancer,719,361,62603282.03,66599.2362,2064.625
Ethereum,18-12-22,Curve,1376,125,71538305.02,46423.29982,5731.02
Ethereum,18-12-22,SushiSwap,4266,122,6799201.082,1441.119348,422.7821079
Ethereum,18-12-22,Uniswap,40413,214,327058647.7,6518.87839,470.7
Ethereum,18-12-22,synthetix,3,3,67709.56896,22569.85632,19920.61985
Flow,18-12-22,BltUsdtSwapPair,11,9,522.0350922,47.45773566,15.4254811
Flow,18-12-22,FlowSwapPair,144,91,37419.42252,254.5538947,59.39453794
Flow,18-12-22,RevvFlowSwapPair,5,5,80.71029414,16.14205883,12.22472314
Flow,18-12-22,StarlyUsdtSwapPair,68,5,5858.956067,86.16111863,61.37264619
Flow,18-12-22,SwapPair,24,8,5918.125631,169.0893037,0.645151215
Flow,18-12-22,UsdcUsdtSwapPair,49,36,15134.25805,291.0434241,41.47271915
Gnosis,18-12-22,Elk,3,3,56.82634934,18.94211645,1.002619192
Gnosis,18-12-22,Others,69,22,11763.28942,170.4824553,40.12423387
Gnosis,18-12-22,SushiSwap,823,200,73430.62131,89.22311216,1.8135333
Gnosis,18-12-22,Uniswap,532,51,5382.162924,10.1168476,1.047193121
NEAR,18-12-22,Jumbo,7,1,130.5407426,18.64867751,10.09729914
NEAR,18-12-22,Others,944,189,438345.8595,366.509916,20.30196504
NEAR,18-12-22,Ref Finance,199,22,874247.4403,3752.134937,626.8116288
Optimism,18-12-22,Balancer,36,27,55221.71362,1533.936489,61.3789397
Optimism,18-12-22,Beefy Finance,14,14,4.260416944,0.304315496,0.037214256
Optimism,18-12-22,Frax Finance,26,22,11.28758723,0.43413797,0.118892758
Optimism,18-12-22,Gnosis Safe,39,23,326.8713039,8.381315486,1.000810491
Optimism,18-12-22,Homora V2,18,12,91.0979941,5.060999672,3.23332E-06
Optimism,18-12-22,Kyberswap,50,1,55124.05992,1102.481198,1080.037932
Optimism,18-12-22,Others,2411,400,9307456.693,3860.413394,875.6229109
Optimism,18-12-22,Overnight,58,7,99798.65997,1720.666551,885.0824176
Optimism,18-12-22,ParaSwap,133,102,152.1251711,1.143798279,0.099307899
Optimism,18-12-22,Perpetual Protocol,7,1,2.742699818,0.39181426,0.39181426
Optimism,18-12-22,Rubicon,510,6,25470.95185,49.94304285,21.94166142
Optimism,18-12-22,SushiSwap,2716,1369,899020.5103,331.0090244,82.85209393
Optimism,18-12-22,Thales,5,1,1500.239026,300.0478052,300.2735031
Optimism,18-12-22,Uniswap,24564,11311,3029823.686,123.344068,22.72786658
Optimism,18-12-22,Velodrome,12804,3558,21983660.03,1716.936897,0.310679416
Optimism,18-12-22,Zipswap,15,15,195.6519316,13.04346211,2.341304545
Osmosis,18-12-22,Osmosis,13029,4271,2684669.868,206.0375954,8.198347829
Polygon,18-12-22,Apeswap,202,28,14637.52104,72.46297546,32.11710395
Polygon,18-12-22,Cafeswap,2,2,2.127513244,1.063756622,1.063756622
Polygon,18-12-22,Dfyn Network,115,47,18885.30352,164.2200306,24.34864044
Polygon,18-12-22,Kyber Swap,1,1,69.92617972,69.92617972,69.92617972
Polygon,18-12-22,Kyberswap,636,3,338101.293,531.6058066,427.4812586
Polygon,18-12-22,Others,12436,4165,13099699.94,1053.369246,1.009719225
Polygon,18-12-22,Polycat,5,2,13.3146294,2.66292588,0.000632305
Polygon,18-12-22,Quickswap,5324,1125,449928.0353,84.50939807,17.23248864
Polygon,18-12-22,SushiSwap,46835,19607,12497697.23,266.8452489,2.329398348
Polygon,18-12-22,Uniswap,25489,13459,5109324.598,200.45214,0.504859613
Solana,18-12-22,Jupiter,70891,4259,5010592.964,70.68024099,1.001161081
Solana,18-12-22,Orca,1345,383,120841.4107,89.84491502,12.23957605
Solana,18-12-22,Raydium,2256,718,197419.82,87.50878548,20.32844537
Solana,18-12-22,Saber,73,16,47650.9701,652.7530151,70.26975512
THORChain,18-12-22,THORChain,11037,398,10448743.27,569.0416767,392.5097935
